fold_id,validation_year,strategy,metric,block_length_sessions,repetitions,valid_repetitions,interval_status,seed,estimate_bootstrap_mean,ci_95_lower,ci_95_upper,primary_ci
WF_2022,2022,ALWAYS_FLAT,accuracy,1,2000,2000,DEFINED,20261810,0.5114151535,0.4858100371,0.536490729,False
WF_2022,2022,ALWAYS_FLAT,mean_session_net_usd,1,2000,2000,DEFINED,20261810,0.0,0.0,0.0,False
WF_2022,2022,ALWAYS_FLAT,annualized_session_sharpe,1,2000,0,UNDEFINED_ZERO_VARIANCE,20261810,,,,False
WF_2022,2022,ALWAYS_LONG,accuracy,1,2000,2000,DEFINED,20261810,0.4885848465,0.463509271,0.5141899629,False
WF_2022,2022,ALWAYS_LONG,mean_session_net_usd,1,2000,2000,DEFINED,20261810,-32.995487012,-62.8053266932,-5.1178944223,False
WF_2022,2022,ALWAYS_LONG,annualized_session_sharpe,1,2000,2000,DEFINED,20261810,-2.2458879015,-4.204226313,-0.328661142,False
WF_2022,2022,STRATIFIED_RANDOM_ACTION,accuracy,1,2000,2000,DEFINED,20261810,0.5036119242,0.4914659905,0.5159371227,False
WF_2022,2022,STRATIFIED_RANDOM_ACTION,mean_session_net_usd,1,2000,2000,DEFINED,20261810,-17.2624267331,-42.9742191235,8.3845388446,False
WF_2022,2022,STRATIFIED_RANDOM_ACTION,annualized_session_sharpe,1,2000,2000,DEFINED,20261810,-1.3423909253,-3.2603887752,0.6854794258,False
WF_2022,2022,TRAIN_PRIOR_PROBABILITY,accuracy,1,2000,2000,DEFINED,20261810,0.5114151535,0.4858100371,0.536490729,False
WF_2022,2022,TRAIN_PRIOR_PROBABILITY,mean_session_net_usd,1,2000,2000,DEFINED,20261810,0.0,0.0,0.0,False
WF_2022,2022,TRAIN_PRIOR_PROBABILITY,annualized_session_sharpe,1,2000,0,UNDEFINED_ZERO_VARIANCE,20261810,,,,False
WF_2022,2022,ALWAYS_FLAT,accuracy,5,2000,2000,DEFINED,20261814,0.5108112875,0.4878402904,0.534121644,True
WF_2022,2022,ALWAYS_FLAT,mean_session_net_usd,5,2000,2000,DEFINED,20261814,0.0,0.0,0.0,True
WF_2022,2022,ALWAYS_FLAT,annualized_session_sharpe,5,2000,0,UNDEFINED_ZERO_VARIANCE,20261814,,,,True
WF_2022,2022,ALWAYS_LONG,accuracy,5,2000,2000,DEFINED,20261814,0.4891887125,0.465878356,0.5121597096,True
WF_2022,2022,ALWAYS_LONG,mean_session_net_usd,5,2000,2000,DEFINED,20261814,-32.1377204183,-57.2975896414,-8.4548446215,True
WF_2022,2022,ALWAYS_LONG,annualized_session_sharpe,5,2000,2000,DEFINED,20261814,-2.1705178419,-3.878276559,-0.5672244902,True
WF_2022,2022,STRATIFIED_RANDOM_ACTION,accuracy,5,2000,2000,DEFINED,20261814,0.5040675422,0.492208439,0.5156088371,True
WF_2022,2022,STRATIFIED_RANDOM_ACTION,mean_session_net_usd,5,2000,2000,DEFINED,20261814,-16.8395827888,-38.7158545817,5.4206155378,True
WF_2022,2022,STRATIFIED_RANDOM_ACTION,annualized_session_sharpe,5,2000,2000,DEFINED,20261814,-1.2978695371,-2.9525397809,0.4421190568,True
WF_2022,2022,TRAIN_PRIOR_PROBABILITY,accuracy,5,2000,2000,DEFINED,20261814,0.5108112875,0.4878402904,0.534121644,True
WF_2022,2022,TRAIN_PRIOR_PROBABILITY,mean_session_net_usd,5,2000,2000,DEFINED,20261814,0.0,0.0,0.0,True
WF_2022,2022,TRAIN_PRIOR_PROBABILITY,annualized_session_sharpe,5,2000,0,UNDEFINED_ZERO_VARIANCE,20261814,,,,True
WF_2022,2022,ALWAYS_FLAT,accuracy,20,2000,2000,DEFINED,20261829,0.5079720018,0.4842448388,0.532923807,False
WF_2022,2022,ALWAYS_FLAT,mean_session_net_usd,20,2000,2000,DEFINED,20261829,0.0,0.0,0.0,False
WF_2022,2022,ALWAYS_FLAT,annualized_session_sharpe,20,2000,0,UNDEFINED_ZERO_VARIANCE,20261829,,,,False
WF_2022,2022,ALWAYS_LONG,accuracy,20,2000,2000,DEFINED,20261829,0.4920279982,0.467076193,0.5157551612,False
WF_2022,2022,ALWAYS_LONG,mean_session_net_usd,20,2000,2000,DEFINED,20261829,-28.846096753,-51.939,-6.8370418327,False
WF_2022,2022,ALWAYS_LONG,annualized_session_sharpe,20,2000,2000,DEFINED,20261829,-1.913024189,-3.3286279462,-0.4762832799,False
WF_2022,2022,STRATIFIED_RANDOM_ACTION,accuracy,20,2000,2000,DEFINED,20261829,0.5038185753,0.4919934321,0.515826744,False
WF_2022,2022,STRATIFIED_RANDOM_ACTION,mean_session_net_usd,20,2000,2000,DEFINED,20261829,-14.3514832271,-36.3669681275,6.4666822709,False
WF_2022,2022,STRATIFIED_RANDOM_ACTION,annualized_session_sharpe,20,2000,2000,DEFINED,20261829,-1.0938722311,-2.6871621817,0.5295076727,False
WF_2022,2022,TRAIN_PRIOR_PROBABILITY,accuracy,20,2000,2000,DEFINED,20261829,0.5079720018,0.4842448388,0.532923807,False
WF_2022,2022,TRAIN_PRIOR_PROBABILITY,mean_session_net_usd,20,2000,2000,DEFINED,20261829,0.0,0.0,0.0,False
WF_2022,2022,TRAIN_PRIOR_PROBABILITY,annualized_session_sharpe,20,2000,0,UNDEFINED_ZERO_VARIANCE,20261829,,,,False
WF_2023,2023,ALWAYS_FLAT,accuracy,1,2000,2000,DEFINED,20262810,0.4973778418,0.4730275146,0.521866117,False
WF_2023,2023,ALWAYS_FLAT,mean_session_net_usd,1,2000,2000,DEFINED,20262810,0.0,0.0,0.0,False
WF_2023,2023,ALWAYS_FLAT,annualized_session_sharpe,1,2000,0,UNDEFINED_ZERO_VARIANCE,20262810,,,,False
WF_2023,2023,ALWAYS_LONG,accuracy,1,2000,2000,DEFINED,20262810,0.5026221582,0.478133883,0.5269724854,False
WF_2023,2023,ALWAYS_LONG,mean_session_net_usd,1,2000,2000,DEFINED,20262810,-20.0203194,-37.467702,-2.12388,False
WF_2023,2023,ALWAYS_LONG,annualized_session_sharpe,1,2000,2000,DEFINED,20262810,-2.2349257521,-4.1967109783,-0.2307907175,False
WF_2023,2023,STRATIFIED_RANDOM_ACTION,accuracy,1,2000,2000,DEFINED,20262810,0.4977076425,0.4839632538,0.5109614682,False
WF_2023,2023,STRATIFIED_RANDOM_ACTION,mean_session_net_usd,1,2000,2000,DEFINED,20262810,-16.20965116,-31.968609,-1.490223,False
WF_2023,2023,STRATIFIED_RANDOM_ACTION,annualized_session_sharpe,1,2000,2000,DEFINED,20262810,-2.0813222141,-4.0597089977,-0.192921794,False
WF_2023,2023,TRAIN_PRIOR_PROBABILITY,accuracy,1,2000,2000,DEFINED,20262810,0.4973778418,0.4730275146,0.521866117,False
WF_2023,2023,TRAIN_PRIOR_PROBABILITY,mean_session_net_usd,1,2000,2000,DEFINED,20262810,0.0,0.0,0.0,False
WF_2023,2023,TRAIN_PRIOR_PROBABILITY,annualized_session_sharpe,1,2000,0,UNDEFINED_ZERO_VARIANCE,20262810,,,,False
WF_2023,2023,ALWAYS_FLAT,accuracy,5,2000,2000,DEFINED,20262814,0.497004876,0.4752901007,0.5178581212,True
WF_2023,2023,ALWAYS_FLAT,mean_session_net_usd,5,2000,2000,DEFINED,20262814,0.0,0.0,0.0,True
WF_2023,2023,ALWAYS_FLAT,annualized_session_sharpe,5,2000,0,UNDEFINED_ZERO_VARIANCE,20262814,,,,True
WF_2023,2023,ALWAYS_LONG,accuracy,5,2000,2000,DEFINED,20262814,0.502995124,0.4821418788,0.5247098993,True
WF_2023,2023,ALWAYS_LONG,mean_session_net_usd,5,2000,2000,DEFINED,20262814,-18.75705068,-34.699985,-1.789752,True
WF_2023,2023,ALWAYS_LONG,annualized_session_sharpe,5,2000,2000,DEFINED,20262814,-2.0895748735,-3.8822257304,-0.2076927063,True
WF_2023,2023,STRATIFIED_RANDOM_ACTION,accuracy,5,2000,2000,DEFINED,20262814,0.498250593,0.4875523958,0.5089481373,True
WF_2023,2023,STRATIFIED_RANDOM_ACTION,mean_session_net_usd,5,2000,2000,DEFINED,20262814,-15.4394142,-30.46489,0.101266,True
WF_2023,2023,STRATIFIED_RANDOM_ACTION,annualized_session_sharpe,5,2000,2000,DEFINED,20262814,-1.980651218,-3.909143902,0.0136078137,True
WF_2023,2023,TRAIN_PRIOR_PROBABILITY,accuracy,5,2000,2000,DEFINED,20262814,0.497004876,0.4752901007,0.5178581212,True
WF_2023,2023,TRAIN_PRIOR_PROBABILITY,mean_session_net_usd,5,2000,2000,DEFINED,20262814,0.0,0.0,0.0,True
WF_2023,2023,TRAIN_PRIOR_PROBABILITY,annualized_session_sharpe,5,2000,0,UNDEFINED_ZERO_VARIANCE,20262814,,,,True
WF_2023,2023,ALWAYS_FLAT,accuracy,20,2000,2000,DEFINED,20262829,0.4989340123,0.4777564432,0.521964087,False
WF_2023,2023,ALWAYS_FLAT,mean_session_net_usd,20,2000,2000,DEFINED,20262829,0.0,0.0,0.0,False
WF_2023,2023,ALWAYS_FLAT,annualized_session_sharpe,20,2000,0,UNDEFINED_ZERO_VARIANCE,20262829,,,,False
WF_2023,2023,ALWAYS_LONG,accuracy,20,2000,2000,DEFINED,20262829,0.5010659877,0.478035913,0.5222435568,False
WF_2023,2023,ALWAYS_LONG,mean_session_net_usd,20,2000,2000,DEFINED,20262829,-20.44231158,-37.84736,-3.044806,False
WF_2023,2023,ALWAYS_LONG,annualized_session_sharpe,20,2000,2000,DEFINED,20262829,-2.3061909309,-4.2186009593,-0.3496312878,False
WF_2023,2023,STRATIFIED_RANDOM_ACTION,accuracy,20,2000,2000,DEFINED,20262829,0.4982300691,0.4904831625,0.5063643336,False
WF_2023,2023,STRATIFIED_RANDOM_ACTION,mean_session_net_usd,20,2000,2000,DEFINED,20262829,-17.24867,-32.85447,-1.028118,False
WF_2023,2023,STRATIFIED_RANDOM_ACTION,annualized_session_sharpe,20,2000,2000,DEFINED,20262829,-2.2394203031,-4.2439326053,-0.1428410805,False
WF_2023,2023,TRAIN_PRIOR_PROBABILITY,accuracy,20,2000,2000,DEFINED,20262829,0.4989340123,0.4777564432,0.521964087,False
WF_2023,2023,TRAIN_PRIOR_PROBABILITY,mean_session_net_usd,20,2000,2000,DEFINED,20262829,0.0,0.0,0.0,False
WF_2023,2023,TRAIN_PRIOR_PROBABILITY,annualized_session_sharpe,20,2000,0,UNDEFINED_ZERO_VARIANCE,20262829,,,,False
WF_2024,2024,ALWAYS_FLAT,accuracy,1,2000,2000,DEFINED,20263810,0.5056737828,0.4830776769,0.5291179751,False
WF_2024,2024,ALWAYS_FLAT,mean_session_net_usd,1,2000,2000,DEFINED,20263810,0.0,0.0,0.0,False
WF_2024,2024,ALWAYS_FLAT,annualized_session_sharpe,1,2000,0,UNDEFINED_ZERO_VARIANCE,20263810,,,,False
WF_2024,2024,ALWAYS_LONG,accuracy,1,2000,2000,DEFINED,20263810,0.4943262172,0.4708820249,0.5169223231,False
WF_2024,2024,ALWAYS_LONG,mean_session_net_usd,1,2000,2000,DEFINED,20263810,-31.5671675397,-53.0213095238,-11.5836964286,False
WF_2024,2024,ALWAYS_LONG,annualized_session_sharpe,1,2000,2000,DEFINED,20263810,-3.0135238002,-4.8213010835,-1.1522880364,False
WF_2024,2024,STRATIFIED_RANDOM_ACTION,accuracy,1,2000,2000,DEFINED,20263810,0.5023064845,0.4892877232,0.5151027184,False
WF_2024,2024,STRATIFIED_RANDOM_ACTION,mean_session_net_usd,1,2000,2000,DEFINED,20263810,-27.8707841865,-46.5189414683,-10.0696438492,False
WF_2024,2024,STRATIFIED_RANDOM_ACTION,annualized_session_sharpe,1,2000,2000,DEFINED,20263810,-2.993556344,-4.6661082475,-1.148046301,False
WF_2024,2024,TRAIN_PRIOR_PROBABILITY,accuracy,1,2000,2000,DEFINED,20263810,0.5056737828,0.4830776769,0.5291179751,False
WF_2024,2024,TRAIN_PRIOR_PROBABILITY,mean_session_net_usd,1,2000,2000,DEFINED,20263810,0.0,0.0,0.0,False
WF_2024,2024,TRAIN_PRIOR_PROBABILITY,annualized_session_sharpe,1,2000,0,UNDEFINED_ZERO_VARIANCE,20263810,,,,False
WF_2024,2024,ALWAYS_FLAT,accuracy,5,2000,2000,DEFINED,20263814,0.504387244,0.4815792428,0.5287448196,True
WF_2024,2024,ALWAYS_FLAT,mean_session_net_usd,5,2000,2000,DEFINED,20263814,0.0,0.0,0.0,True
WF_2024,2024,ALWAYS_FLAT,annualized_session_sharpe,5,2000,0,UNDEFINED_ZERO_VARIANCE,20263814,,,,True
WF_2024,2024,ALWAYS_LONG,accuracy,5,2000,2000,DEFINED,20263814,0.495612756,0.4712551804,0.5184207572,True
WF_2024,2024,ALWAYS_LONG,mean_session_net_usd,5,2000,2000,DEFINED,20263814,-30.7767073413,-51.8072172619,-12.3108878968,True
WF_2024,2024,ALWAYS_LONG,annualized_session_sharpe,5,2000,2000,DEFINED,20263814,-2.9414633251,-4.7157776027,-1.2520833352,True
WF_2024,2024,STRATIFIED_RANDOM_ACTION,accuracy,5,2000,2000,DEFINED,20263814,0.5032697763,0.4902168585,0.5168487437,True
WF_2024,2024,STRATIFIED_RANDOM_ACTION,mean_session_net_usd,5,2000,2000,DEFINED,20263814,-26.8184005952,-44.7299503968,-10.2402926587,True
WF_2024,2024,STRATIFIED_RANDOM_ACTION,annualized_session_sharpe,5,2000,2000,DEFINED,20263814,-2.8864431328,-4.5437650141,-1.2286372203,True
WF_2024,2024,TRAIN_PRIOR_PROBABILITY,accuracy,5,2000,2000,DEFINED,20263814,0.504387244,0.4815792428,0.5287448196,True
WF_2024,2024,TRAIN_PRIOR_PROBABILITY,mean_session_net_usd,5,2000,2000,DEFINED,20263814,0.0,0.0,0.0,True
WF_2024,2024,TRAIN_PRIOR_PROBABILITY,annualized_session_sharpe,5,2000,0,UNDEFINED_ZERO_VARIANCE,20263814,,,,True
WF_2024,2024,ALWAYS_FLAT,accuracy,20,2000,2000,DEFINED,20263829,0.5061518534,0.4845322037,0.5266230913,False
WF_2024,2024,ALWAYS_FLAT,mean_session_net_usd,20,2000,2000,DEFINED,20263829,0.0,0.0,0.0,False
WF_2024,2024,ALWAYS_FLAT,annualized_session_sharpe,20,2000,0,UNDEFINED_ZERO_VARIANCE,20263829,,,,False
WF_2024,2024,ALWAYS_LONG,accuracy,20,2000,2000,DEFINED,20263829,0.4938481466,0.4733769087,0.5154677963,False
WF_2024,2024,ALWAYS_LONG,mean_session_net_usd,20,2000,2000,DEFINED,20263829,-31.6435889286,-47.9010803571,-16.6698878968,False
WF_2024,2024,ALWAYS_LONG,annualized_session_sharpe,20,2000,2000,DEFINED,20263829,-3.1109819207,-4.3448674985,-1.8368710482,False
WF_2024,2024,STRATIFIED_RANDOM_ACTION,accuracy,20,2000,2000,DEFINED,20263829,0.5030504443,0.4864425163,0.5197474523,False
WF_2024,2024,STRATIFIED_RANDOM_ACTION,mean_session_net_usd,20,2000,2000,DEFINED,20263829,-27.0651726587,-41.4696279762,-12.4006815476,False
WF_2024,2024,STRATIFIED_RANDOM_ACTION,annualized_session_sharpe,20,2000,2000,DEFINED,20263829,-3.017602251,-4.3437349558,-1.5839629402,False
WF_2024,2024,TRAIN_PRIOR_PROBABILITY,accuracy,20,2000,2000,DEFINED,20263829,0.5061518534,0.4845322037,0.5266230913,False
WF_2024,2024,TRAIN_PRIOR_PROBABILITY,mean_session_net_usd,20,2000,2000,DEFINED,20263829,0.0,0.0,0.0,False
WF_2024,2024,TRAIN_PRIOR_PROBABILITY,annualized_session_sharpe,20,2000,0,UNDEFINED_ZERO_VARIANCE,20263829,,,,False
OOF_POOLED,2022-2024,ALWAYS_FLAT,accuracy,1,2000,2000,DEFINED,20350810,0.5050133742,0.4910861525,0.5184458804,False
OOF_POOLED,2022-2024,ALWAYS_FLAT,mean_session_net_usd,1,2000,2000,DEFINED,20350810,0.0,0.0,0.0,False
OOF_POOLED,2022-2024,ALWAYS_FLAT,annualized_session_sharpe,1,2000,0,UNDEFINED_ZERO_VARIANCE,20350810,,,,False
OOF_POOLED,2022-2024,ALWAYS_LONG,accuracy,1,2000,2000,DEFINED,20350810,0.4949866258,0.4815541196,0.5089138475,False
OOF_POOLED,2022-2024,ALWAYS_LONG,mean_session_net_usd,1,2000,2000,DEFINED,20350810,-28.2244484794,-41.2436782869,-15.44475166,False
OOF_POOLED,2022-2024,ALWAYS_LONG,annualized_session_sharpe,1,2000,2000,DEFINED,20350810,-2.4225979483,-3.5508940117,-1.3047976278,False
OOF_POOLED,2022-2024,STRATIFIED_RANDOM_ACTION,accuracy,1,2000,2000,DEFINED,20350810,0.501384546,0.4938751579,0.5087182385,False
OOF_POOLED,2022-2024,STRATIFIED_RANDOM_ACTION,mean_session_net_usd,1,2000,2000,DEFINED,20350810,-20.4740544622,-32.5609412351,-9.3054269588,False
OOF_POOLED,2022-2024,STRATIFIED_RANDOM_ACTION,annualized_session_sharpe,1,2000,2000,DEFINED,20350810,-2.0073810081,-3.1010349821,-0.9438450349,False
OOF_POOLED,2022-2024,TRAIN_PRIOR_PROBABILITY,accuracy,1,2000,2000,DEFINED,20350810,0.5050133742,0.4910861525,0.5184458804,False
OOF_POOLED,2022-2024,TRAIN_PRIOR_PROBABILITY,mean_session_net_usd,1,2000,2000,DEFINED,20350810,0.0,0.0,0.0,False
OOF_POOLED,2022-2024,TRAIN_PRIOR_PROBABILITY,annualized_session_sharpe,1,2000,0,UNDEFINED_ZERO_VARIANCE,20350810,,,,False
OOF_POOLED,2022-2024,ALWAYS_FLAT,accuracy,5,2000,2000,DEFINED,20350814,0.5042493288,0.4911215916,0.5171107786,True
OOF_POOLED,2022-2024,ALWAYS_FLAT,mean_session_net_usd,5,2000,2000,DEFINED,20350814,0.0,0.0,0.0,True
OOF_POOLED,2022-2024,ALWAYS_FLAT,annualized_session_sharpe,5,2000,0,UNDEFINED_ZERO_VARIANCE,20350814,,,,True
OOF_POOLED,2022-2024,ALWAYS_LONG,accuracy,5,2000,2000,DEFINED,20350814,0.4957506712,0.4828892214,0.5088784084,True
OOF_POOLED,2022-2024,ALWAYS_LONG,mean_session_net_usd,5,2000,2000,DEFINED,20350814,-27.4216183333,-40.0799658035,-15.1024236388,True
OOF_POOLED,2022-2024,ALWAYS_LONG,annualized_session_sharpe,5,2000,2000,DEFINED,20350814,-2.3498067386,-3.3952466806,-1.3104756226,True
OOF_POOLED,2022-2024,STRATIFIED_RANDOM_ACTION,accuracy,5,2000,2000,DEFINED,20350814,0.501958025,0.4947856023,0.509033588,True
OOF_POOLED,2022-2024,STRATIFIED_RANDOM_ACTION,mean_session_net_usd,5,2000,2000,DEFINED,20350814,-19.9367276627,-30.755,-8.9234897078,True
OOF_POOLED,2022-2024,STRATIFIED_RANDOM_ACTION,annualized_session_sharpe,5,2000,2000,DEFINED,20350814,-1.9528962866,-2.9550036072,-0.9011445393,True
OOF_POOLED,2022-2024,TRAIN_PRIOR_PROBABILITY,accuracy,5,2000,2000,DEFINED,20350814,0.5042493288,0.4911215916,0.5171107786,True
OOF_POOLED,2022-2024,TRAIN_PRIOR_PROBABILITY,mean_session_net_usd,5,2000,2000,DEFINED,20350814,0.0,0.0,0.0,True
OOF_POOLED,2022-2024,TRAIN_PRIOR_PROBABILITY,annualized_session_sharpe,5,2000,0,UNDEFINED_ZERO_VARIANCE,20350814,,,,True
OOF_POOLED,2022-2024,ALWAYS_FLAT,accuracy,20,2000,2000,DEFINED,20350829,0.5044135276,0.4920716978,0.5176684882,False
OOF_POOLED,2022-2024,ALWAYS_FLAT,mean_session_net_usd,20,2000,2000,DEFINED,20350829,0.0,0.0,0.0,False
OOF_POOLED,2022-2024,ALWAYS_FLAT,annualized_session_sharpe,20,2000,0,UNDEFINED_ZERO_VARIANCE,20350829,,,,False
OOF_POOLED,2022-2024,ALWAYS_LONG,accuracy,20,2000,2000,DEFINED,20350829,0.4955864724,0.4823315118,0.5079283022,False
OOF_POOLED,2022-2024,ALWAYS_LONG,mean_session_net_usd,20,2000,2000,DEFINED,20350829,-27.0871449402,-38.6343051129,-16.5051829349,False
OOF_POOLED,2022-2024,ALWAYS_LONG,annualized_session_sharpe,20,2000,2000,DEFINED,20350829,-2.3275629441,-3.2157591883,-1.4576359308,False
OOF_POOLED,2022-2024,STRATIFIED_RANDOM_ACTION,accuracy,20,2000,2000,DEFINED,20350829,0.5015221181,0.4941839331,0.5085969951,False
OOF_POOLED,2022-2024,STRATIFIED_RANDOM_ACTION,mean_session_net_usd,20,2000,2000,DEFINED,20350829,-19.650284077,-29.7597141434,-9.8248671979,False
OOF_POOLED,2022-2024,STRATIFIED_RANDOM_ACTION,annualized_session_sharpe,20,2000,2000,DEFINED,20350829,-1.9458255681,-2.8956766661,-1.0003055167,False
OOF_POOLED,2022-2024,TRAIN_PRIOR_PROBABILITY,accuracy,20,2000,2000,DEFINED,20350829,0.5044135276,0.4920716978,0.5176684882,False
OOF_POOLED,2022-2024,TRAIN_PRIOR_PROBABILITY,mean_session_net_usd,20,2000,2000,DEFINED,20350829,0.0,0.0,0.0,False
OOF_POOLED,2022-2024,TRAIN_PRIOR_PROBABILITY,annualized_session_sharpe,20,2000,0,UNDEFINED_ZERO_VARIANCE,20350829,,,,False
