gap_minutes,prev_time_ny,next_time_ny,primary_attribution,count
61,16:59,18:00,CME_DAILY_CLOSED_PERIOD_EXACT,1436
16,16:14,16:30,CME_1615_1630_HALT_EXACT,531
2941,16:59,18:00,WEEKEND_OR_MULTIDAY_CLOSURE_CANDIDATE,338
301,12:59,18:00,SPECIAL_SESSION_CLOSE_TO_1800_CANDIDATE,45
2,00:51,00:53,SHORT_NO_TRADE_OR_DATA_GAP_CANDIDATE,27
2,23:55,23:57,SHORT_NO_TRADE_OR_DATA_GAP_CANDIDATE,23
2,00:20,00:22,SHORT_NO_TRADE_OR_DATA_GAP_CANDIDATE,22
2,00:42,00:44,SHORT_NO_TRADE_OR_DATA_GAP_CANDIDATE,22
2,00:52,00:54,SHORT_NO_TRADE_OR_DATA_GAP_CANDIDATE,22
2,00:37,00:39,SHORT_NO_TRADE_OR_DATA_GAP_CANDIDATE,21
2,00:10,00:12,SHORT_NO_TRADE_OR_DATA_GAP_CANDIDATE,20
2,00:17,00:19,SHORT_NO_TRADE_OR_DATA_GAP_CANDIDATE,20
2,00:40,00:42,SHORT_NO_TRADE_OR_DATA_GAP_CANDIDATE,20
2,00:44,00:46,SHORT_NO_TRADE_OR_DATA_GAP_CANDIDATE,20
2,00:47,00:49,SHORT_NO_TRADE_OR_DATA_GAP_CANDIDATE,20
2,00:55,00:57,SHORT_NO_TRADE_OR_DATA_GAP_CANDIDATE,20
2,23:42,23:44,SHORT_NO_TRADE_OR_DATA_GAP_CANDIDATE,20
2,23:48,23:50,SHORT_NO_TRADE_OR_DATA_GAP_CANDIDATE,20
2,00:14,00:16,SHORT_NO_TRADE_OR_DATA_GAP_CANDIDATE,19
2,00:21,00:23,SHORT_NO_TRADE_OR_DATA_GAP_CANDIDATE,19
2,00:35,00:37,SHORT_NO_TRADE_OR_DATA_GAP_CANDIDATE,19
2,00:43,00:45,SHORT_NO_TRADE_OR_DATA_GAP_CANDIDATE,19
2,00:48,00:50,SHORT_NO_TRADE_OR_DATA_GAP_CANDIDATE,19
2,23:54,23:56,SHORT_NO_TRADE_OR_DATA_GAP_CANDIDATE,19
2,00:23,00:25,SHORT_NO_TRADE_OR_DATA_GAP_CANDIDATE,18
2,00:27,00:29,SHORT_NO_TRADE_OR_DATA_GAP_CANDIDATE,18
2,23:45,23:47,SHORT_NO_TRADE_OR_DATA_GAP_CANDIDATE,18
2,23:47,23:49,SHORT_NO_TRADE_OR_DATA_GAP_CANDIDATE,18
2,00:12,00:14,SHORT_NO_TRADE_OR_DATA_GAP_CANDIDATE,17
2,00:28,00:30,SHORT_NO_TRADE_OR_DATA_GAP_CANDIDATE,17
2,00:45,00:47,SHORT_NO_TRADE_OR_DATA_GAP_CANDIDATE,17
2,00:46,00:48,SHORT_NO_TRADE_OR_DATA_GAP_CANDIDATE,17
2,00:54,00:56,SHORT_NO_TRADE_OR_DATA_GAP_CANDIDATE,17
2,00:57,00:59,SHORT_NO_TRADE_OR_DATA_GAP_CANDIDATE,17
2,01:15,01:17,SHORT_NO_TRADE_OR_DATA_GAP_CANDIDATE,17
2,23:51,23:53,SHORT_NO_TRADE_OR_DATA_GAP_CANDIDATE,17
2,23:52,23:54,SHORT_NO_TRADE_OR_DATA_GAP_CANDIDATE,17
2,23:56,23:58,SHORT_NO_TRADE_OR_DATA_GAP_CANDIDATE,17
2,23:58,00:00,SHORT_NO_TRADE_OR_DATA_GAP_CANDIDATE,17
2,00:41,00:43,SHORT_NO_TRADE_OR_DATA_GAP_CANDIDATE,16
2,00:50,00:52,SHORT_NO_TRADE_OR_DATA_GAP_CANDIDATE,16
2,00:53,00:55,SHORT_NO_TRADE_OR_DATA_GAP_CANDIDATE,16
2,01:22,01:24,SHORT_NO_TRADE_OR_DATA_GAP_CANDIDATE,16
2,19:24,19:26,SHORT_NO_TRADE_OR_DATA_GAP_CANDIDATE,16
2,19:42,19:44,SHORT_NO_TRADE_OR_DATA_GAP_CANDIDATE,16
2,23:06,23:08,SHORT_NO_TRADE_OR_DATA_GAP_CANDIDATE,16
2,23:21,23:23,SHORT_NO_TRADE_OR_DATA_GAP_CANDIDATE,16
2,23:22,23:24,SHORT_NO_TRADE_OR_DATA_GAP_CANDIDATE,16
2,23:28,23:30,SHORT_NO_TRADE_OR_DATA_GAP_CANDIDATE,16
2,23:46,23:48,SHORT_NO_TRADE_OR_DATA_GAP_CANDIDATE,16
2,00:02,00:04,SHORT_NO_TRADE_OR_DATA_GAP_CANDIDATE,15
2,00:13,00:15,SHORT_NO_TRADE_OR_DATA_GAP_CANDIDATE,15
2,00:18,00:20,SHORT_NO_TRADE_OR_DATA_GAP_CANDIDATE,15
2,01:23,01:25,SHORT_NO_TRADE_OR_DATA_GAP_CANDIDATE,15
2,01:33,01:35,SHORT_NO_TRADE_OR_DATA_GAP_CANDIDATE,15
2,01:38,01:40,SHORT_NO_TRADE_OR_DATA_GAP_CANDIDATE,15
2,01:44,01:46,SHORT_NO_TRADE_OR_DATA_GAP_CANDIDATE,15
2,18:57,18:59,SHORT_NO_TRADE_OR_DATA_GAP_CANDIDATE,15
2,23:37,23:39,SHORT_NO_TRADE_OR_DATA_GAP_CANDIDATE,15
2,00:01,00:03,SHORT_NO_TRADE_OR_DATA_GAP_CANDIDATE,14
2,00:03,00:05,SHORT_NO_TRADE_OR_DATA_GAP_CANDIDATE,14
2,00:22,00:24,SHORT_NO_TRADE_OR_DATA_GAP_CANDIDATE,14
2,00:25,00:27,SHORT_NO_TRADE_OR_DATA_GAP_CANDIDATE,14
2,00:31,00:33,SHORT_NO_TRADE_OR_DATA_GAP_CANDIDATE,14
2,00:39,00:41,SHORT_NO_TRADE_OR_DATA_GAP_CANDIDATE,14
2,00:58,01:00,SHORT_NO_TRADE_OR_DATA_GAP_CANDIDATE,14
2,01:08,01:10,SHORT_NO_TRADE_OR_DATA_GAP_CANDIDATE,14
2,01:10,01:12,SHORT_NO_TRADE_OR_DATA_GAP_CANDIDATE,14
2,01:48,01:50,SHORT_NO_TRADE_OR_DATA_GAP_CANDIDATE,14
2,18:56,18:58,SHORT_NO_TRADE_OR_DATA_GAP_CANDIDATE,14
2,19:17,19:19,SHORT_NO_TRADE_OR_DATA_GAP_CANDIDATE,14
2,23:08,23:10,SHORT_NO_TRADE_OR_DATA_GAP_CANDIDATE,14
2,23:24,23:26,SHORT_NO_TRADE_OR_DATA_GAP_CANDIDATE,14
2,23:26,23:28,SHORT_NO_TRADE_OR_DATA_GAP_CANDIDATE,14
2,00:05,00:07,SHORT_NO_TRADE_OR_DATA_GAP_CANDIDATE,13
2,00:06,00:08,SHORT_NO_TRADE_OR_DATA_GAP_CANDIDATE,13
2,00:11,00:13,SHORT_NO_TRADE_OR_DATA_GAP_CANDIDATE,13
2,00:36,00:38,SHORT_NO_TRADE_OR_DATA_GAP_CANDIDATE,13
2,01:12,01:14,SHORT_NO_TRADE_OR_DATA_GAP_CANDIDATE,13
2,01:16,01:18,SHORT_NO_TRADE_OR_DATA_GAP_CANDIDATE,13
2,01:25,01:27,SHORT_NO_TRADE_OR_DATA_GAP_CANDIDATE,13
2,01:55,01:57,SHORT_NO_TRADE_OR_DATA_GAP_CANDIDATE,13
2,18:48,18:50,SHORT_NO_TRADE_OR_DATA_GAP_CANDIDATE,13
2,19:19,19:21,SHORT_NO_TRADE_OR_DATA_GAP_CANDIDATE,13
2,19:26,19:28,SHORT_NO_TRADE_OR_DATA_GAP_CANDIDATE,13
2,22:56,22:58,SHORT_NO_TRADE_OR_DATA_GAP_CANDIDATE,13
2,23:11,23:13,SHORT_NO_TRADE_OR_DATA_GAP_CANDIDATE,13
2,23:39,23:41,SHORT_NO_TRADE_OR_DATA_GAP_CANDIDATE,13
2,23:57,23:59,SHORT_NO_TRADE_OR_DATA_GAP_CANDIDATE,13
2,00:16,00:18,SHORT_NO_TRADE_OR_DATA_GAP_CANDIDATE,12
2,00:19,00:21,SHORT_NO_TRADE_OR_DATA_GAP_CANDIDATE,12
2,00:26,00:28,SHORT_NO_TRADE_OR_DATA_GAP_CANDIDATE,12
2,00:32,00:34,SHORT_NO_TRADE_OR_DATA_GAP_CANDIDATE,12
2,00:49,00:51,SHORT_NO_TRADE_OR_DATA_GAP_CANDIDATE,12
2,01:03,01:05,SHORT_NO_TRADE_OR_DATA_GAP_CANDIDATE,12
2,01:04,01:06,SHORT_NO_TRADE_OR_DATA_GAP_CANDIDATE,12
2,01:19,01:21,SHORT_NO_TRADE_OR_DATA_GAP_CANDIDATE,12
2,01:40,01:42,SHORT_NO_TRADE_OR_DATA_GAP_CANDIDATE,12
2,01:43,01:45,SHORT_NO_TRADE_OR_DATA_GAP_CANDIDATE,12
2,01:50,01:52,SHORT_NO_TRADE_OR_DATA_GAP_CANDIDATE,12
2,19:11,19:13,SHORT_NO_TRADE_OR_DATA_GAP_CANDIDATE,12
2,22:47,22:49,SHORT_NO_TRADE_OR_DATA_GAP_CANDIDATE,12
2,23:15,23:17,SHORT_NO_TRADE_OR_DATA_GAP_CANDIDATE,12
2,23:27,23:29,SHORT_NO_TRADE_OR_DATA_GAP_CANDIDATE,12
2,23:30,23:32,SHORT_NO_TRADE_OR_DATA_GAP_CANDIDATE,12
2,23:40,23:42,SHORT_NO_TRADE_OR_DATA_GAP_CANDIDATE,12
2,00:07,00:09,SHORT_NO_TRADE_OR_DATA_GAP_CANDIDATE,11
2,00:34,00:36,SHORT_NO_TRADE_OR_DATA_GAP_CANDIDATE,11
2,00:56,00:58,SHORT_NO_TRADE_OR_DATA_GAP_CANDIDATE,11
2,01:01,01:03,SHORT_NO_TRADE_OR_DATA_GAP_CANDIDATE,11
2,01:11,01:13,SHORT_NO_TRADE_OR_DATA_GAP_CANDIDATE,11
2,01:27,01:29,SHORT_NO_TRADE_OR_DATA_GAP_CANDIDATE,11
2,01:32,01:34,SHORT_NO_TRADE_OR_DATA_GAP_CANDIDATE,11
2,01:34,01:36,SHORT_NO_TRADE_OR_DATA_GAP_CANDIDATE,11
2,01:35,01:37,SHORT_NO_TRADE_OR_DATA_GAP_CANDIDATE,11
2,18:46,18:48,SHORT_NO_TRADE_OR_DATA_GAP_CANDIDATE,11
2,18:51,18:53,SHORT_NO_TRADE_OR_DATA_GAP_CANDIDATE,11
2,18:55,18:57,SHORT_NO_TRADE_OR_DATA_GAP_CANDIDATE,11
2,22:45,22:47,SHORT_NO_TRADE_OR_DATA_GAP_CANDIDATE,11
2,23:09,23:11,SHORT_NO_TRADE_OR_DATA_GAP_CANDIDATE,11
2,23:13,23:15,SHORT_NO_TRADE_OR_DATA_GAP_CANDIDATE,11
2,23:20,23:22,SHORT_NO_TRADE_OR_DATA_GAP_CANDIDATE,11
2,23:35,23:37,SHORT_NO_TRADE_OR_DATA_GAP_CANDIDATE,11
2,23:38,23:40,SHORT_NO_TRADE_OR_DATA_GAP_CANDIDATE,11
2,23:49,23:51,SHORT_NO_TRADE_OR_DATA_GAP_CANDIDATE,11
2,23:53,23:55,SHORT_NO_TRADE_OR_DATA_GAP_CANDIDATE,11
2,00:09,00:11,SHORT_NO_TRADE_OR_DATA_GAP_CANDIDATE,10
2,00:15,00:17,SHORT_NO_TRADE_OR_DATA_GAP_CANDIDATE,10
2,00:24,00:26,SHORT_NO_TRADE_OR_DATA_GAP_CANDIDATE,10
2,01:00,01:02,SHORT_NO_TRADE_OR_DATA_GAP_CANDIDATE,10
2,01:02,01:04,SHORT_NO_TRADE_OR_DATA_GAP_CANDIDATE,10
2,01:14,01:16,SHORT_NO_TRADE_OR_DATA_GAP_CANDIDATE,10
2,01:28,01:30,SHORT_NO_TRADE_OR_DATA_GAP_CANDIDATE,10
2,01:42,01:44,SHORT_NO_TRADE_OR_DATA_GAP_CANDIDATE,10
2,01:47,01:49,SHORT_NO_TRADE_OR_DATA_GAP_CANDIDATE,10
2,01:49,01:51,SHORT_NO_TRADE_OR_DATA_GAP_CANDIDATE,10
2,01:54,01:56,SHORT_NO_TRADE_OR_DATA_GAP_CANDIDATE,10
2,02:24,02:26,SHORT_NO_TRADE_OR_DATA_GAP_CANDIDATE,10
2,02:48,02:50,SHORT_NO_TRADE_OR_DATA_GAP_CANDIDATE,10
2,18:21,18:23,SHORT_NO_TRADE_OR_DATA_GAP_CANDIDATE,10
2,18:32,18:34,SHORT_NO_TRADE_OR_DATA_GAP_CANDIDATE,10
2,18:53,18:55,SHORT_NO_TRADE_OR_DATA_GAP_CANDIDATE,10
2,19:12,19:14,SHORT_NO_TRADE_OR_DATA_GAP_CANDIDATE,10
2,19:25,19:27,SHORT_NO_TRADE_OR_DATA_GAP_CANDIDATE,10
2,19:28,19:30,SHORT_NO_TRADE_OR_DATA_GAP_CANDIDATE,10
2,22:36,22:38,SHORT_NO_TRADE_OR_DATA_GAP_CANDIDATE,10
2,22:49,22:51,SHORT_NO_TRADE_OR_DATA_GAP_CANDIDATE,10
2,23:02,23:04,SHORT_NO_TRADE_OR_DATA_GAP_CANDIDATE,10
2,23:04,23:06,SHORT_NO_TRADE_OR_DATA_GAP_CANDIDATE,10
2,23:07,23:09,SHORT_NO_TRADE_OR_DATA_GAP_CANDIDATE,10
2,23:23,23:25,SHORT_NO_TRADE_OR_DATA_GAP_CANDIDATE,10
2,23:50,23:52,SHORT_NO_TRADE_OR_DATA_GAP_CANDIDATE,10
4381,16:59,18:00,WEEKEND_OR_MULTIDAY_CLOSURE_CANDIDATE,10
2,00:33,00:35,SHORT_NO_TRADE_OR_DATA_GAP_CANDIDATE,9
2,00:38,00:40,SHORT_NO_TRADE_OR_DATA_GAP_CANDIDATE,9
2,01:06,01:08,SHORT_NO_TRADE_OR_DATA_GAP_CANDIDATE,9
2,01:21,01:23,SHORT_NO_TRADE_OR_DATA_GAP_CANDIDATE,9
2,01:26,01:28,SHORT_NO_TRADE_OR_DATA_GAP_CANDIDATE,9
2,01:30,01:32,SHORT_NO_TRADE_OR_DATA_GAP_CANDIDATE,9
2,01:39,01:41,SHORT_NO_TRADE_OR_DATA_GAP_CANDIDATE,9
2,01:41,01:43,SHORT_NO_TRADE_OR_DATA_GAP_CANDIDATE,9
2,01:52,01:54,SHORT_NO_TRADE_OR_DATA_GAP_CANDIDATE,9
2,01:53,01:55,SHORT_NO_TRADE_OR_DATA_GAP_CANDIDATE,9
2,01:57,01:59,SHORT_NO_TRADE_OR_DATA_GAP_CANDIDATE,9
2,18:17,18:19,SHORT_NO_TRADE_OR_DATA_GAP_CANDIDATE,9
2,18:31,18:33,SHORT_NO_TRADE_OR_DATA_GAP_CANDIDATE,9
2,18:43,18:45,SHORT_NO_TRADE_OR_DATA_GAP_CANDIDATE,9
2,18:44,18:46,SHORT_NO_TRADE_OR_DATA_GAP_CANDIDATE,9
2,18:52,18:54,SHORT_NO_TRADE_OR_DATA_GAP_CANDIDATE,9
2,18:58,19:00,SHORT_NO_TRADE_OR_DATA_GAP_CANDIDATE,9
2,19:10,19:12,SHORT_NO_TRADE_OR_DATA_GAP_CANDIDATE,9
2,19:14,19:16,SHORT_NO_TRADE_OR_DATA_GAP_CANDIDATE,9
2,19:15,19:17,SHORT_NO_TRADE_OR_DATA_GAP_CANDIDATE,9
2,19:18,19:20,SHORT_NO_TRADE_OR_DATA_GAP_CANDIDATE,9
2,19:22,19:24,SHORT_NO_TRADE_OR_DATA_GAP_CANDIDATE,9
2,19:40,19:42,SHORT_NO_TRADE_OR_DATA_GAP_CANDIDATE,9
2,22:37,22:39,SHORT_NO_TRADE_OR_DATA_GAP_CANDIDATE,9
2,22:39,22:41,SHORT_NO_TRADE_OR_DATA_GAP_CANDIDATE,9
2,22:51,22:53,SHORT_NO_TRADE_OR_DATA_GAP_CANDIDATE,9
2,23:03,23:05,SHORT_NO_TRADE_OR_DATA_GAP_CANDIDATE,9
2,23:16,23:18,SHORT_NO_TRADE_OR_DATA_GAP_CANDIDATE,9
2,23:19,23:21,SHORT_NO_TRADE_OR_DATA_GAP_CANDIDATE,9
2,23:25,23:27,SHORT_NO_TRADE_OR_DATA_GAP_CANDIDATE,9
2,23:29,23:31,SHORT_NO_TRADE_OR_DATA_GAP_CANDIDATE,9
2,23:31,23:33,SHORT_NO_TRADE_OR_DATA_GAP_CANDIDATE,9
2,23:32,23:34,SHORT_NO_TRADE_OR_DATA_GAP_CANDIDATE,9
2,23:36,23:38,SHORT_NO_TRADE_OR_DATA_GAP_CANDIDATE,9
2,23:41,23:43,SHORT_NO_TRADE_OR_DATA_GAP_CANDIDATE,9
2,00:04,00:06,SHORT_NO_TRADE_OR_DATA_GAP_CANDIDATE,8
2,00:08,00:10,SHORT_NO_TRADE_OR_DATA_GAP_CANDIDATE,8
2,01:36,01:38,SHORT_NO_TRADE_OR_DATA_GAP_CANDIDATE,8
2,01:37,01:39,SHORT_NO_TRADE_OR_DATA_GAP_CANDIDATE,8
2,01:51,01:53,SHORT_NO_TRADE_OR_DATA_GAP_CANDIDATE,8
2,06:20,06:22,SHORT_NO_TRADE_OR_DATA_GAP_CANDIDATE,8
2,18:19,18:21,SHORT_NO_TRADE_OR_DATA_GAP_CANDIDATE,8
2,18:23,18:25,SHORT_NO_TRADE_OR_DATA_GAP_CANDIDATE,8
2,18:33,18:35,SHORT_NO_TRADE_OR_DATA_GAP_CANDIDATE,8
2,18:35,18:37,SHORT_NO_TRADE_OR_DATA_GAP_CANDIDATE,8
2,18:36,18:38,SHORT_NO_TRADE_OR_DATA_GAP_CANDIDATE,8
2,18:42,18:44,SHORT_NO_TRADE_OR_DATA_GAP_CANDIDATE,8
2,18:45,18:47,SHORT_NO_TRADE_OR_DATA_GAP_CANDIDATE,8
2,18:47,18:49,SHORT_NO_TRADE_OR_DATA_GAP_CANDIDATE,8
2,19:05,19:07,SHORT_NO_TRADE_OR_DATA_GAP_CANDIDATE,8
2,19:08,19:10,SHORT_NO_TRADE_OR_DATA_GAP_CANDIDATE,8
2,19:20,19:22,SHORT_NO_TRADE_OR_DATA_GAP_CANDIDATE,8
2,19:21,19:23,SHORT_NO_TRADE_OR_DATA_GAP_CANDIDATE,8
2,19:32,19:34,SHORT_NO_TRADE_OR_DATA_GAP_CANDIDATE,8
2,19:35,19:37,SHORT_NO_TRADE_OR_DATA_GAP_CANDIDATE,8
2,22:12,22:14,SHORT_NO_TRADE_OR_DATA_GAP_CANDIDATE,8
2,22:24,22:26,SHORT_NO_TRADE_OR_DATA_GAP_CANDIDATE,8
2,22:25,22:27,SHORT_NO_TRADE_OR_DATA_GAP_CANDIDATE,8
2,22:27,22:29,SHORT_NO_TRADE_OR_DATA_GAP_CANDIDATE,8
2,22:32,22:34,SHORT_NO_TRADE_OR_DATA_GAP_CANDIDATE,8
2,22:58,23:00,SHORT_NO_TRADE_OR_DATA_GAP_CANDIDATE,8
2,23:00,23:02,SHORT_NO_TRADE_OR_DATA_GAP_CANDIDATE,8
2,23:12,23:14,SHORT_NO_TRADE_OR_DATA_GAP_CANDIDATE,8
2,23:18,23:20,SHORT_NO_TRADE_OR_DATA_GAP_CANDIDATE,8
2,23:33,23:35,SHORT_NO_TRADE_OR_DATA_GAP_CANDIDATE,8
2,23:59,00:01,SHORT_NO_TRADE_OR_DATA_GAP_CANDIDATE,8
2,00:29,00:31,SHORT_NO_TRADE_OR_DATA_GAP_CANDIDATE,7
2,01:05,01:07,SHORT_NO_TRADE_OR_DATA_GAP_CANDIDATE,7
2,01:07,01:09,SHORT_NO_TRADE_OR_DATA_GAP_CANDIDATE,7
2,01:13,01:15,SHORT_NO_TRADE_OR_DATA_GAP_CANDIDATE,7
2,01:17,01:19,SHORT_NO_TRADE_OR_DATA_GAP_CANDIDATE,7
2,01:29,01:31,SHORT_NO_TRADE_OR_DATA_GAP_CANDIDATE,7
2,01:58,02:00,SHORT_NO_TRADE_OR_DATA_GAP_CANDIDATE,7
2,02:18,02:20,SHORT_NO_TRADE_OR_DATA_GAP_CANDIDATE,7
2,02:39,02:41,SHORT_NO_TRADE_OR_DATA_GAP_CANDIDATE,7
2,02:40,02:42,SHORT_NO_TRADE_OR_DATA_GAP_CANDIDATE,7
2,02:50,02:52,SHORT_NO_TRADE_OR_DATA_GAP_CANDIDATE,7
2,04:23,04:25,SHORT_NO_TRADE_OR_DATA_GAP_CANDIDATE,7
2,06:28,06:30,SHORT_NO_TRADE_OR_DATA_GAP_CANDIDATE,7
2,06:55,06:57,SHORT_NO_TRADE_OR_DATA_GAP_CANDIDATE,7
2,18:15,18:17,SHORT_NO_TRADE_OR_DATA_GAP_CANDIDATE,7
2,18:25,18:27,SHORT_NO_TRADE_OR_DATA_GAP_CANDIDATE,7
2,18:26,18:28,SHORT_NO_TRADE_OR_DATA_GAP_CANDIDATE,7
2,18:30,18:32,SHORT_NO_TRADE_OR_DATA_GAP_CANDIDATE,7
2,18:41,18:43,SHORT_NO_TRADE_OR_DATA_GAP_CANDIDATE,7
2,18:50,18:52,SHORT_NO_TRADE_OR_DATA_GAP_CANDIDATE,7
2,18:54,18:56,SHORT_NO_TRADE_OR_DATA_GAP_CANDIDATE,7
2,19:02,19:04,SHORT_NO_TRADE_OR_DATA_GAP_CANDIDATE,7
2,19:06,19:08,SHORT_NO_TRADE_OR_DATA_GAP_CANDIDATE,7
2,19:09,19:11,SHORT_NO_TRADE_OR_DATA_GAP_CANDIDATE,7
2,19:23,19:25,SHORT_NO_TRADE_OR_DATA_GAP_CANDIDATE,7
2,19:27,19:29,SHORT_NO_TRADE_OR_DATA_GAP_CANDIDATE,7
2,19:30,19:32,SHORT_NO_TRADE_OR_DATA_GAP_CANDIDATE,7
2,19:43,19:45,SHORT_NO_TRADE_OR_DATA_GAP_CANDIDATE,7
2,19:50,19:52,SHORT_NO_TRADE_OR_DATA_GAP_CANDIDATE,7
2,19:51,19:53,SHORT_NO_TRADE_OR_DATA_GAP_CANDIDATE,7
2,22:34,22:36,SHORT_NO_TRADE_OR_DATA_GAP_CANDIDATE,7
2,22:42,22:44,SHORT_NO_TRADE_OR_DATA_GAP_CANDIDATE,7
2,22:43,22:45,SHORT_NO_TRADE_OR_DATA_GAP_CANDIDATE,7
2,22:53,22:55,SHORT_NO_TRADE_OR_DATA_GAP_CANDIDATE,7
2,22:54,22:56,SHORT_NO_TRADE_OR_DATA_GAP_CANDIDATE,7
2,22:57,22:59,SHORT_NO_TRADE_OR_DATA_GAP_CANDIDATE,7
2,23:01,23:03,SHORT_NO_TRADE_OR_DATA_GAP_CANDIDATE,7
2,23:05,23:07,SHORT_NO_TRADE_OR_DATA_GAP_CANDIDATE,7
2,23:10,23:12,SHORT_NO_TRADE_OR_DATA_GAP_CANDIDATE,7
2,23:14,23:16,SHORT_NO_TRADE_OR_DATA_GAP_CANDIDATE,7
2,23:43,23:45,SHORT_NO_TRADE_OR_DATA_GAP_CANDIDATE,7
2,23:44,23:46,SHORT_NO_TRADE_OR_DATA_GAP_CANDIDATE,7
2881,16:59,18:00,WEEKEND_OR_MULTIDAY_CLOSURE_CANDIDATE,7
3001,16:59,18:00,WEEKEND_OR_MULTIDAY_CLOSURE_CANDIDATE,7
3166,13:14,18:00,WEEKEND_OR_MULTIDAY_CLOSURE_CANDIDATE,7
2,00:00,00:02,SHORT_NO_TRADE_OR_DATA_GAP_CANDIDATE,6
2,00:30,00:32,SHORT_NO_TRADE_OR_DATA_GAP_CANDIDATE,6
2,01:24,01:26,SHORT_NO_TRADE_OR_DATA_GAP_CANDIDATE,6
2,01:31,01:33,SHORT_NO_TRADE_OR_DATA_GAP_CANDIDATE,6
2,01:45,01:47,SHORT_NO_TRADE_OR_DATA_GAP_CANDIDATE,6
2,01:46,01:48,SHORT_NO_TRADE_OR_DATA_GAP_CANDIDATE,6
2,01:56,01:58,SHORT_NO_TRADE_OR_DATA_GAP_CANDIDATE,6
2,02:11,02:13,SHORT_NO_TRADE_OR_DATA_GAP_CANDIDATE,6
2,02:15,02:17,SHORT_NO_TRADE_OR_DATA_GAP_CANDIDATE,6
2,02:23,02:25,SHORT_NO_TRADE_OR_DATA_GAP_CANDIDATE,6
2,02:28,02:30,SHORT_NO_TRADE_OR_DATA_GAP_CANDIDATE,6
2,02:34,02:36,SHORT_NO_TRADE_OR_DATA_GAP_CANDIDATE,6
2,02:37,02:39,SHORT_NO_TRADE_OR_DATA_GAP_CANDIDATE,6
2,02:42,02:44,SHORT_NO_TRADE_OR_DATA_GAP_CANDIDATE,6
2,02:51,02:53,SHORT_NO_TRADE_OR_DATA_GAP_CANDIDATE,6
2,02:54,02:56,SHORT_NO_TRADE_OR_DATA_GAP_CANDIDATE,6
2,04:38,04:40,SHORT_NO_TRADE_OR_DATA_GAP_CANDIDATE,6
2,05:09,05:11,SHORT_NO_TRADE_OR_DATA_GAP_CANDIDATE,6
2,05:10,05:12,SHORT_NO_TRADE_OR_DATA_GAP_CANDIDATE,6
2,05:17,05:19,SHORT_NO_TRADE_OR_DATA_GAP_CANDIDATE,6
2,05:30,05:32,SHORT_NO_TRADE_OR_DATA_GAP_CANDIDATE,6
2,05:36,05:38,SHORT_NO_TRADE_OR_DATA_GAP_CANDIDATE,6
2,05:43,05:45,SHORT_NO_TRADE_OR_DATA_GAP_CANDIDATE,6
2,05:55,05:57,SHORT_NO_TRADE_OR_DATA_GAP_CANDIDATE,6
2,06:15,06:17,SHORT_NO_TRADE_OR_DATA_GAP_CANDIDATE,6
2,18:22,18:24,SHORT_NO_TRADE_OR_DATA_GAP_CANDIDATE,6
2,18:27,18:29,SHORT_NO_TRADE_OR_DATA_GAP_CANDIDATE,6
2,18:28,18:30,SHORT_NO_TRADE_OR_DATA_GAP_CANDIDATE,6
2,18:37,18:39,SHORT_NO_TRADE_OR_DATA_GAP_CANDIDATE,6
2,18:38,18:40,SHORT_NO_TRADE_OR_DATA_GAP_CANDIDATE,6
2,18:39,18:41,SHORT_NO_TRADE_OR_DATA_GAP_CANDIDATE,6
2,19:04,19:06,SHORT_NO_TRADE_OR_DATA_GAP_CANDIDATE,6
2,19:13,19:15,SHORT_NO_TRADE_OR_DATA_GAP_CANDIDATE,6
2,19:31,19:33,SHORT_NO_TRADE_OR_DATA_GAP_CANDIDATE,6
2,19:34,19:36,SHORT_NO_TRADE_OR_DATA_GAP_CANDIDATE,6
2,19:57,19:59,SHORT_NO_TRADE_OR_DATA_GAP_CANDIDATE,6
2,20:37,20:39,SHORT_NO_TRADE_OR_DATA_GAP_CANDIDATE,6
2,20:52,20:54,SHORT_NO_TRADE_OR_DATA_GAP_CANDIDATE,6
2,21:08,21:10,SHORT_NO_TRADE_OR_DATA_GAP_CANDIDATE,6
2,22:03,22:05,SHORT_NO_TRADE_OR_DATA_GAP_CANDIDATE,6
2,22:17,22:19,SHORT_NO_TRADE_OR_DATA_GAP_CANDIDATE,6
2,22:18,22:20,SHORT_NO_TRADE_OR_DATA_GAP_CANDIDATE,6
2,22:23,22:25,SHORT_NO_TRADE_OR_DATA_GAP_CANDIDATE,6
2,22:31,22:33,SHORT_NO_TRADE_OR_DATA_GAP_CANDIDATE,6
2,22:35,22:37,SHORT_NO_TRADE_OR_DATA_GAP_CANDIDATE,6
2,22:41,22:43,SHORT_NO_TRADE_OR_DATA_GAP_CANDIDATE,6
2,22:44,22:46,SHORT_NO_TRADE_OR_DATA_GAP_CANDIDATE,6
2,23:17,23:19,SHORT_NO_TRADE_OR_DATA_GAP_CANDIDATE,6
2,23:34,23:36,SHORT_NO_TRADE_OR_DATA_GAP_CANDIDATE,6
2,02:02,02:04,SHORT_NO_TRADE_OR_DATA_GAP_CANDIDATE,5
2,02:16,02:18,SHORT_NO_TRADE_OR_DATA_GAP_CANDIDATE,5
2,02:22,02:24,SHORT_NO_TRADE_OR_DATA_GAP_CANDIDATE,5
2,02:30,02:32,SHORT_NO_TRADE_OR_DATA_GAP_CANDIDATE,5
2,02:52,02:54,SHORT_NO_TRADE_OR_DATA_GAP_CANDIDATE,5
2,02:53,02:55,SHORT_NO_TRADE_OR_DATA_GAP_CANDIDATE,5
2,02:55,02:57,SHORT_NO_TRADE_OR_DATA_GAP_CANDIDATE,5
2,04:00,04:02,SHORT_NO_TRADE_OR_DATA_GAP_CANDIDATE,5
2,04:28,04:30,SHORT_NO_TRADE_OR_DATA_GAP_CANDIDATE,5
2,05:11,05:13,SHORT_NO_TRADE_OR_DATA_GAP_CANDIDATE,5
2,05:14,05:16,SHORT_NO_TRADE_OR_DATA_GAP_CANDIDATE,5
2,05:24,05:26,SHORT_NO_TRADE_OR_DATA_GAP_CANDIDATE,5
2,05:25,05:27,SHORT_NO_TRADE_OR_DATA_GAP_CANDIDATE,5
2,05:40,05:42,SHORT_NO_TRADE_OR_DATA_GAP_CANDIDATE,5
2,05:45,05:47,SHORT_NO_TRADE_OR_DATA_GAP_CANDIDATE,5
2,05:57,05:59,SHORT_NO_TRADE_OR_DATA_GAP_CANDIDATE,5
2,06:31,06:33,SHORT_NO_TRADE_OR_DATA_GAP_CANDIDATE,5
2,06:42,06:44,SHORT_NO_TRADE_OR_DATA_GAP_CANDIDATE,5
2,06:53,06:55,SHORT_NO_TRADE_OR_DATA_GAP_CANDIDATE,5
2,07:02,07:04,SHORT_NO_TRADE_OR_DATA_GAP_CANDIDATE,5
2,07:28,07:30,SHORT_NO_TRADE_OR_DATA_GAP_CANDIDATE,5
2,07:39,07:41,SHORT_NO_TRADE_OR_DATA_GAP_CANDIDATE,5
2,18:11,18:13,SHORT_NO_TRADE_OR_DATA_GAP_CANDIDATE,5
2,18:34,18:36,SHORT_NO_TRADE_OR_DATA_GAP_CANDIDATE,5
2,18:59,19:01,SHORT_NO_TRADE_OR_DATA_GAP_CANDIDATE,5
2,19:03,19:05,SHORT_NO_TRADE_OR_DATA_GAP_CANDIDATE,5
2,19:07,19:09,SHORT_NO_TRADE_OR_DATA_GAP_CANDIDATE,5
2,19:16,19:18,SHORT_NO_TRADE_OR_DATA_GAP_CANDIDATE,5
2,19:33,19:35,SHORT_NO_TRADE_OR_DATA_GAP_CANDIDATE,5
2,19:36,19:38,SHORT_NO_TRADE_OR_DATA_GAP_CANDIDATE,5
2,19:38,19:40,SHORT_NO_TRADE_OR_DATA_GAP_CANDIDATE,5
2,19:39,19:41,SHORT_NO_TRADE_OR_DATA_GAP_CANDIDATE,5
2,19:48,19:50,SHORT_NO_TRADE_OR_DATA_GAP_CANDIDATE,5
2,19:55,19:57,SHORT_NO_TRADE_OR_DATA_GAP_CANDIDATE,5
2,19:56,19:58,SHORT_NO_TRADE_OR_DATA_GAP_CANDIDATE,5
2,21:27,21:29,SHORT_NO_TRADE_OR_DATA_GAP_CANDIDATE,5
2,21:42,21:44,SHORT_NO_TRADE_OR_DATA_GAP_CANDIDATE,5
2,21:52,21:54,SHORT_NO_TRADE_OR_DATA_GAP_CANDIDATE,5
2,22:21,22:23,SHORT_NO_TRADE_OR_DATA_GAP_CANDIDATE,5
2,22:26,22:28,SHORT_NO_TRADE_OR_DATA_GAP_CANDIDATE,5
2,22:28,22:30,SHORT_NO_TRADE_OR_DATA_GAP_CANDIDATE,5
2,22:50,22:52,SHORT_NO_TRADE_OR_DATA_GAP_CANDIDATE,5
2,22:55,22:57,SHORT_NO_TRADE_OR_DATA_GAP_CANDIDATE,5
3,00:13,00:16,SHORT_NO_TRADE_OR_DATA_GAP_CANDIDATE,5
3,00:16,00:19,SHORT_NO_TRADE_OR_DATA_GAP_CANDIDATE,5
3,00:48,00:51,SHORT_NO_TRADE_OR_DATA_GAP_CANDIDATE,5
3,23:27,23:30,SHORT_NO_TRADE_OR_DATA_GAP_CANDIDATE,5
15,16:14,16:29,CME_HALT_PLUS_ADJACENT_GAP_CANDIDATE,5
2,01:18,01:20,SHORT_NO_TRADE_OR_DATA_GAP_CANDIDATE,4
2,01:20,01:22,SHORT_NO_TRADE_OR_DATA_GAP_CANDIDATE,4
2,02:07,02:09,SHORT_NO_TRADE_OR_DATA_GAP_CANDIDATE,4
2,02:10,02:12,SHORT_NO_TRADE_OR_DATA_GAP_CANDIDATE,4
2,02:12,02:14,SHORT_NO_TRADE_OR_DATA_GAP_CANDIDATE,4
2,02:13,02:15,SHORT_NO_TRADE_OR_DATA_GAP_CANDIDATE,4
2,02:17,02:19,SHORT_NO_TRADE_OR_DATA_GAP_CANDIDATE,4
2,02:20,02:22,SHORT_NO_TRADE_OR_DATA_GAP_CANDIDATE,4
2,02:21,02:23,SHORT_NO_TRADE_OR_DATA_GAP_CANDIDATE,4
2,02:25,02:27,SHORT_NO_TRADE_OR_DATA_GAP_CANDIDATE,4
2,02:29,02:31,SHORT_NO_TRADE_OR_DATA_GAP_CANDIDATE,4
2,02:33,02:35,SHORT_NO_TRADE_OR_DATA_GAP_CANDIDATE,4
2,02:36,02:38,SHORT_NO_TRADE_OR_DATA_GAP_CANDIDATE,4
2,02:41,02:43,SHORT_NO_TRADE_OR_DATA_GAP_CANDIDATE,4
2,02:43,02:45,SHORT_NO_TRADE_OR_DATA_GAP_CANDIDATE,4
2,02:45,02:47,SHORT_NO_TRADE_OR_DATA_GAP_CANDIDATE,4
2,02:46,02:48,SHORT_NO_TRADE_OR_DATA_GAP_CANDIDATE,4
2,02:47,02:49,SHORT_NO_TRADE_OR_DATA_GAP_CANDIDATE,4
2,03:10,03:12,SHORT_NO_TRADE_OR_DATA_GAP_CANDIDATE,4
2,03:42,03:44,SHORT_NO_TRADE_OR_DATA_GAP_CANDIDATE,4
2,04:10,04:12,SHORT_NO_TRADE_OR_DATA_GAP_CANDIDATE,4
2,04:11,04:13,SHORT_NO_TRADE_OR_DATA_GAP_CANDIDATE,4
2,04:48,04:50,SHORT_NO_TRADE_OR_DATA_GAP_CANDIDATE,4
2,04:52,04:54,SHORT_NO_TRADE_OR_DATA_GAP_CANDIDATE,4
2,04:53,04:55,SHORT_NO_TRADE_OR_DATA_GAP_CANDIDATE,4
2,04:58,05:00,SHORT_NO_TRADE_OR_DATA_GAP_CANDIDATE,4
2,05:02,05:04,SHORT_NO_TRADE_OR_DATA_GAP_CANDIDATE,4
2,05:05,05:07,SHORT_NO_TRADE_OR_DATA_GAP_CANDIDATE,4
2,05:08,05:10,SHORT_NO_TRADE_OR_DATA_GAP_CANDIDATE,4
2,05:16,05:18,SHORT_NO_TRADE_OR_DATA_GAP_CANDIDATE,4
2,05:38,05:40,SHORT_NO_TRADE_OR_DATA_GAP_CANDIDATE,4
2,05:41,05:43,SHORT_NO_TRADE_OR_DATA_GAP_CANDIDATE,4
2,05:42,05:44,SHORT_NO_TRADE_OR_DATA_GAP_CANDIDATE,4
2,05:47,05:49,SHORT_NO_TRADE_OR_DATA_GAP_CANDIDATE,4
2,05:50,05:52,SHORT_NO_TRADE_OR_DATA_GAP_CANDIDATE,4
2,05:53,05:55,SHORT_NO_TRADE_OR_DATA_GAP_CANDIDATE,4
2,06:04,06:06,SHORT_NO_TRADE_OR_DATA_GAP_CANDIDATE,4
2,06:07,06:09,SHORT_NO_TRADE_OR_DATA_GAP_CANDIDATE,4
2,06:13,06:15,SHORT_NO_TRADE_OR_DATA_GAP_CANDIDATE,4
2,06:33,06:35,SHORT_NO_TRADE_OR_DATA_GAP_CANDIDATE,4
2,06:38,06:40,SHORT_NO_TRADE_OR_DATA_GAP_CANDIDATE,4
2,06:44,06:46,SHORT_NO_TRADE_OR_DATA_GAP_CANDIDATE,4
2,06:45,06:47,SHORT_NO_TRADE_OR_DATA_GAP_CANDIDATE,4
2,06:46,06:48,SHORT_NO_TRADE_OR_DATA_GAP_CANDIDATE,4
2,06:47,06:49,SHORT_NO_TRADE_OR_DATA_GAP_CANDIDATE,4
2,06:51,06:53,SHORT_NO_TRADE_OR_DATA_GAP_CANDIDATE,4
2,07:15,07:17,SHORT_NO_TRADE_OR_DATA_GAP_CANDIDATE,4
2,07:24,07:26,SHORT_NO_TRADE_OR_DATA_GAP_CANDIDATE,4
2,07:27,07:29,SHORT_NO_TRADE_OR_DATA_GAP_CANDIDATE,4
2,07:37,07:39,SHORT_NO_TRADE_OR_DATA_GAP_CANDIDATE,4
2,07:38,07:40,SHORT_NO_TRADE_OR_DATA_GAP_CANDIDATE,4
2,07:45,07:47,SHORT_NO_TRADE_OR_DATA_GAP_CANDIDATE,4
2,07:53,07:55,SHORT_NO_TRADE_OR_DATA_GAP_CANDIDATE,4
2,16:38,16:40,SHORT_NO_TRADE_OR_DATA_GAP_CANDIDATE,4
2,18:18,18:20,SHORT_NO_TRADE_OR_DATA_GAP_CANDIDATE,4
2,18:20,18:22,SHORT_NO_TRADE_OR_DATA_GAP_CANDIDATE,4
2,18:40,18:42,SHORT_NO_TRADE_OR_DATA_GAP_CANDIDATE,4
2,18:49,18:51,SHORT_NO_TRADE_OR_DATA_GAP_CANDIDATE,4
2,19:01,19:03,SHORT_NO_TRADE_OR_DATA_GAP_CANDIDATE,4
2,19:37,19:39,SHORT_NO_TRADE_OR_DATA_GAP_CANDIDATE,4
2,19:52,19:54,SHORT_NO_TRADE_OR_DATA_GAP_CANDIDATE,4
2,20:28,20:30,SHORT_NO_TRADE_OR_DATA_GAP_CANDIDATE,4
2,20:51,20:53,SHORT_NO_TRADE_OR_DATA_GAP_CANDIDATE,4
2,20:55,20:57,SHORT_NO_TRADE_OR_DATA_GAP_CANDIDATE,4
2,20:57,20:59,SHORT_NO_TRADE_OR_DATA_GAP_CANDIDATE,4
2,21:03,21:05,SHORT_NO_TRADE_OR_DATA_GAP_CANDIDATE,4
2,21:06,21:08,SHORT_NO_TRADE_OR_DATA_GAP_CANDIDATE,4
2,21:09,21:11,SHORT_NO_TRADE_OR_DATA_GAP_CANDIDATE,4
2,21:11,21:13,SHORT_NO_TRADE_OR_DATA_GAP_CANDIDATE,4
2,21:19,21:21,SHORT_NO_TRADE_OR_DATA_GAP_CANDIDATE,4
2,21:22,21:24,SHORT_NO_TRADE_OR_DATA_GAP_CANDIDATE,4
2,21:34,21:36,SHORT_NO_TRADE_OR_DATA_GAP_CANDIDATE,4
2,21:57,21:59,SHORT_NO_TRADE_OR_DATA_GAP_CANDIDATE,4
2,22:04,22:06,SHORT_NO_TRADE_OR_DATA_GAP_CANDIDATE,4
2,22:05,22:07,SHORT_NO_TRADE_OR_DATA_GAP_CANDIDATE,4
2,22:06,22:08,SHORT_NO_TRADE_OR_DATA_GAP_CANDIDATE,4
2,22:07,22:09,SHORT_NO_TRADE_OR_DATA_GAP_CANDIDATE,4
2,22:08,22:10,SHORT_NO_TRADE_OR_DATA_GAP_CANDIDATE,4
2,22:11,22:13,SHORT_NO_TRADE_OR_DATA_GAP_CANDIDATE,4
2,22:13,22:15,SHORT_NO_TRADE_OR_DATA_GAP_CANDIDATE,4
2,22:20,22:22,SHORT_NO_TRADE_OR_DATA_GAP_CANDIDATE,4
2,22:22,22:24,SHORT_NO_TRADE_OR_DATA_GAP_CANDIDATE,4
2,22:38,22:40,SHORT_NO_TRADE_OR_DATA_GAP_CANDIDATE,4
2,22:46,22:48,SHORT_NO_TRADE_OR_DATA_GAP_CANDIDATE,4
2,22:48,22:50,SHORT_NO_TRADE_OR_DATA_GAP_CANDIDATE,4
2,22:52,22:54,SHORT_NO_TRADE_OR_DATA_GAP_CANDIDATE,4
3,00:06,00:09,SHORT_NO_TRADE_OR_DATA_GAP_CANDIDATE,4
3,00:12,00:15,SHORT_NO_TRADE_OR_DATA_GAP_CANDIDATE,4
3,00:21,00:24,SHORT_NO_TRADE_OR_DATA_GAP_CANDIDATE,4
3,00:27,00:30,SHORT_NO_TRADE_OR_DATA_GAP_CANDIDATE,4
3,00:31,00:34,SHORT_NO_TRADE_OR_DATA_GAP_CANDIDATE,4
3,00:37,00:40,SHORT_NO_TRADE_OR_DATA_GAP_CANDIDATE,4
3,00:51,00:54,SHORT_NO_TRADE_OR_DATA_GAP_CANDIDATE,4
3,01:26,01:29,SHORT_NO_TRADE_OR_DATA_GAP_CANDIDATE,4
3,23:16,23:19,SHORT_NO_TRADE_OR_DATA_GAP_CANDIDATE,4
3,23:40,23:43,SHORT_NO_TRADE_OR_DATA_GAP_CANDIDATE,4
3,23:48,23:51,SHORT_NO_TRADE_OR_DATA_GAP_CANDIDATE,4
6,09:24,09:30,SHORT_NO_TRADE_OR_DATA_GAP_CANDIDATE,4
286,13:14,18:00,SPECIAL_SESSION_CLOSE_TO_1800_CANDIDATE,4
3181,12:59,18:00,WEEKEND_OR_MULTIDAY_CLOSURE_CANDIDATE,4
2,02:03,02:05,SHORT_NO_TRADE_OR_DATA_GAP_CANDIDATE,3
2,02:06,02:08,SHORT_NO_TRADE_OR_DATA_GAP_CANDIDATE,3
2,02:27,02:29,SHORT_NO_TRADE_OR_DATA_GAP_CANDIDATE,3
2,02:32,02:34,SHORT_NO_TRADE_OR_DATA_GAP_CANDIDATE,3
2,02:35,02:37,SHORT_NO_TRADE_OR_DATA_GAP_CANDIDATE,3
2,02:49,02:51,SHORT_NO_TRADE_OR_DATA_GAP_CANDIDATE,3
2,02:57,02:59,SHORT_NO_TRADE_OR_DATA_GAP_CANDIDATE,3
2,02:58,03:00,SHORT_NO_TRADE_OR_DATA_GAP_CANDIDATE,3
2,03:06,03:08,SHORT_NO_TRADE_OR_DATA_GAP_CANDIDATE,3
2,03:20,03:22,SHORT_NO_TRADE_OR_DATA_GAP_CANDIDATE,3
2,03:21,03:23,SHORT_NO_TRADE_OR_DATA_GAP_CANDIDATE,3
2,03:38,03:40,SHORT_NO_TRADE_OR_DATA_GAP_CANDIDATE,3
2,03:39,03:41,SHORT_NO_TRADE_OR_DATA_GAP_CANDIDATE,3
2,03:40,03:42,SHORT_NO_TRADE_OR_DATA_GAP_CANDIDATE,3
2,03:46,03:48,SHORT_NO_TRADE_OR_DATA_GAP_CANDIDATE,3
2,03:49,03:51,SHORT_NO_TRADE_OR_DATA_GAP_CANDIDATE,3
2,03:52,03:54,SHORT_NO_TRADE_OR_DATA_GAP_CANDIDATE,3
2,03:54,03:56,SHORT_NO_TRADE_OR_DATA_GAP_CANDIDATE,3
2,03:55,03:57,SHORT_NO_TRADE_OR_DATA_GAP_CANDIDATE,3
2,04:12,04:14,SHORT_NO_TRADE_OR_DATA_GAP_CANDIDATE,3
2,04:22,04:24,SHORT_NO_TRADE_OR_DATA_GAP_CANDIDATE,3
2,04:24,04:26,SHORT_NO_TRADE_OR_DATA_GAP_CANDIDATE,3
2,04:31,04:33,SHORT_NO_TRADE_OR_DATA_GAP_CANDIDATE,3
2,04:35,04:37,SHORT_NO_TRADE_OR_DATA_GAP_CANDIDATE,3
2,04:41,04:43,SHORT_NO_TRADE_OR_DATA_GAP_CANDIDATE,3
2,04:43,04:45,SHORT_NO_TRADE_OR_DATA_GAP_CANDIDATE,3
2,04:44,04:46,SHORT_NO_TRADE_OR_DATA_GAP_CANDIDATE,3
2,04:47,04:49,SHORT_NO_TRADE_OR_DATA_GAP_CANDIDATE,3
2,04:51,04:53,SHORT_NO_TRADE_OR_DATA_GAP_CANDIDATE,3
2,04:57,04:59,SHORT_NO_TRADE_OR_DATA_GAP_CANDIDATE,3
2,05:07,05:09,SHORT_NO_TRADE_OR_DATA_GAP_CANDIDATE,3
2,05:13,05:15,SHORT_NO_TRADE_OR_DATA_GAP_CANDIDATE,3
2,05:15,05:17,SHORT_NO_TRADE_OR_DATA_GAP_CANDIDATE,3
2,05:18,05:20,SHORT_NO_TRADE_OR_DATA_GAP_CANDIDATE,3
2,05:20,05:22,SHORT_NO_TRADE_OR_DATA_GAP_CANDIDATE,3
2,05:27,05:29,SHORT_NO_TRADE_OR_DATA_GAP_CANDIDATE,3
2,05:32,05:34,SHORT_NO_TRADE_OR_DATA_GAP_CANDIDATE,3
2,05:35,05:37,SHORT_NO_TRADE_OR_DATA_GAP_CANDIDATE,3
2,05:39,05:41,SHORT_NO_TRADE_OR_DATA_GAP_CANDIDATE,3
2,05:48,05:50,SHORT_NO_TRADE_OR_DATA_GAP_CANDIDATE,3
2,05:49,05:51,SHORT_NO_TRADE_OR_DATA_GAP_CANDIDATE,3
2,05:54,05:56,SHORT_NO_TRADE_OR_DATA_GAP_CANDIDATE,3
2,05:56,05:58,SHORT_NO_TRADE_OR_DATA_GAP_CANDIDATE,3
2,05:58,06:00,SHORT_NO_TRADE_OR_DATA_GAP_CANDIDATE,3
2,06:02,06:04,SHORT_NO_TRADE_OR_DATA_GAP_CANDIDATE,3
2,06:03,06:05,SHORT_NO_TRADE_OR_DATA_GAP_CANDIDATE,3
2,06:17,06:19,SHORT_NO_TRADE_OR_DATA_GAP_CANDIDATE,3
2,06:18,06:20,SHORT_NO_TRADE_OR_DATA_GAP_CANDIDATE,3
2,06:23,06:25,SHORT_NO_TRADE_OR_DATA_GAP_CANDIDATE,3
2,06:26,06:28,SHORT_NO_TRADE_OR_DATA_GAP_CANDIDATE,3
2,06:27,06:29,SHORT_NO_TRADE_OR_DATA_GAP_CANDIDATE,3
2,06:36,06:38,SHORT_NO_TRADE_OR_DATA_GAP_CANDIDATE,3
2,06:40,06:42,SHORT_NO_TRADE_OR_DATA_GAP_CANDIDATE,3
2,06:49,06:51,SHORT_NO_TRADE_OR_DATA_GAP_CANDIDATE,3
2,06:52,06:54,SHORT_NO_TRADE_OR_DATA_GAP_CANDIDATE,3
2,06:56,06:58,SHORT_NO_TRADE_OR_DATA_GAP_CANDIDATE,3
2,06:57,06:59,SHORT_NO_TRADE_OR_DATA_GAP_CANDIDATE,3
2,07:04,07:06,SHORT_NO_TRADE_OR_DATA_GAP_CANDIDATE,3
2,07:05,07:07,SHORT_NO_TRADE_OR_DATA_GAP_CANDIDATE,3
2,07:06,07:08,SHORT_NO_TRADE_OR_DATA_GAP_CANDIDATE,3
2,07:08,07:10,SHORT_NO_TRADE_OR_DATA_GAP_CANDIDATE,3
2,07:09,07:11,SHORT_NO_TRADE_OR_DATA_GAP_CANDIDATE,3
2,07:10,07:12,SHORT_NO_TRADE_OR_DATA_GAP_CANDIDATE,3
2,07:11,07:13,SHORT_NO_TRADE_OR_DATA_GAP_CANDIDATE,3
2,07:17,07:19,SHORT_NO_TRADE_OR_DATA_GAP_CANDIDATE,3
2,07:18,07:20,SHORT_NO_TRADE_OR_DATA_GAP_CANDIDATE,3
2,07:22,07:24,SHORT_NO_TRADE_OR_DATA_GAP_CANDIDATE,3
2,07:26,07:28,SHORT_NO_TRADE_OR_DATA_GAP_CANDIDATE,3
2,07:35,07:37,SHORT_NO_TRADE_OR_DATA_GAP_CANDIDATE,3
2,07:40,07:42,SHORT_NO_TRADE_OR_DATA_GAP_CANDIDATE,3
2,07:41,07:43,SHORT_NO_TRADE_OR_DATA_GAP_CANDIDATE,3
2,07:43,07:45,SHORT_NO_TRADE_OR_DATA_GAP_CANDIDATE,3
2,07:50,07:52,SHORT_NO_TRADE_OR_DATA_GAP_CANDIDATE,3
2,07:56,07:58,SHORT_NO_TRADE_OR_DATA_GAP_CANDIDATE,3
2,08:07,08:09,SHORT_NO_TRADE_OR_DATA_GAP_CANDIDATE,3
2,08:11,08:13,SHORT_NO_TRADE_OR_DATA_GAP_CANDIDATE,3
2,08:51,08:53,SHORT_NO_TRADE_OR_DATA_GAP_CANDIDATE,3
2,08:52,08:54,SHORT_NO_TRADE_OR_DATA_GAP_CANDIDATE,3
2,16:37,16:39,SHORT_NO_TRADE_OR_DATA_GAP_CANDIDATE,3
2,16:40,16:42,SHORT_NO_TRADE_OR_DATA_GAP_CANDIDATE,3
2,18:08,18:10,SHORT_NO_TRADE_OR_DATA_GAP_CANDIDATE,3
2,18:09,18:11,SHORT_NO_TRADE_OR_DATA_GAP_CANDIDATE,3
2,18:13,18:15,SHORT_NO_TRADE_OR_DATA_GAP_CANDIDATE,3
2,18:14,18:16,SHORT_NO_TRADE_OR_DATA_GAP_CANDIDATE,3
2,18:16,18:18,SHORT_NO_TRADE_OR_DATA_GAP_CANDIDATE,3
2,18:24,18:26,SHORT_NO_TRADE_OR_DATA_GAP_CANDIDATE,3
2,18:29,18:31,SHORT_NO_TRADE_OR_DATA_GAP_CANDIDATE,3
2,19:49,19:51,SHORT_NO_TRADE_OR_DATA_GAP_CANDIDATE,3
2,19:53,19:55,SHORT_NO_TRADE_OR_DATA_GAP_CANDIDATE,3
2,19:58,20:00,SHORT_NO_TRADE_OR_DATA_GAP_CANDIDATE,3
2,20:03,20:05,SHORT_NO_TRADE_OR_DATA_GAP_CANDIDATE,3
2,20:25,20:27,SHORT_NO_TRADE_OR_DATA_GAP_CANDIDATE,3
2,20:31,20:33,SHORT_NO_TRADE_OR_DATA_GAP_CANDIDATE,3
2,20:36,20:38,SHORT_NO_TRADE_OR_DATA_GAP_CANDIDATE,3
2,20:46,20:48,SHORT_NO_TRADE_OR_DATA_GAP_CANDIDATE,3
2,20:49,20:51,SHORT_NO_TRADE_OR_DATA_GAP_CANDIDATE,3
2,20:50,20:52,SHORT_NO_TRADE_OR_DATA_GAP_CANDIDATE,3
2,20:53,20:55,SHORT_NO_TRADE_OR_DATA_GAP_CANDIDATE,3
2,20:56,20:58,SHORT_NO_TRADE_OR_DATA_GAP_CANDIDATE,3
2,21:01,21:03,SHORT_NO_TRADE_OR_DATA_GAP_CANDIDATE,3
2,21:12,21:14,SHORT_NO_TRADE_OR_DATA_GAP_CANDIDATE,3
2,21:16,21:18,SHORT_NO_TRADE_OR_DATA_GAP_CANDIDATE,3
2,21:20,21:22,SHORT_NO_TRADE_OR_DATA_GAP_CANDIDATE,3
2,21:26,21:28,SHORT_NO_TRADE_OR_DATA_GAP_CANDIDATE,3
2,21:32,21:34,SHORT_NO_TRADE_OR_DATA_GAP_CANDIDATE,3
2,21:36,21:38,SHORT_NO_TRADE_OR_DATA_GAP_CANDIDATE,3
2,21:49,21:51,SHORT_NO_TRADE_OR_DATA_GAP_CANDIDATE,3
2,21:50,21:52,SHORT_NO_TRADE_OR_DATA_GAP_CANDIDATE,3
2,21:51,21:53,SHORT_NO_TRADE_OR_DATA_GAP_CANDIDATE,3
2,21:53,21:55,SHORT_NO_TRADE_OR_DATA_GAP_CANDIDATE,3
2,21:54,21:56,SHORT_NO_TRADE_OR_DATA_GAP_CANDIDATE,3
2,21:58,22:00,SHORT_NO_TRADE_OR_DATA_GAP_CANDIDATE,3
2,21:59,22:01,SHORT_NO_TRADE_OR_DATA_GAP_CANDIDATE,3
2,22:00,22:02,SHORT_NO_TRADE_OR_DATA_GAP_CANDIDATE,3
2,22:01,22:03,SHORT_NO_TRADE_OR_DATA_GAP_CANDIDATE,3
2,22:09,22:11,SHORT_NO_TRADE_OR_DATA_GAP_CANDIDATE,3
2,22:16,22:18,SHORT_NO_TRADE_OR_DATA_GAP_CANDIDATE,3
2,22:19,22:21,SHORT_NO_TRADE_OR_DATA_GAP_CANDIDATE,3
2,22:30,22:32,SHORT_NO_TRADE_OR_DATA_GAP_CANDIDATE,3
2,22:33,22:35,SHORT_NO_TRADE_OR_DATA_GAP_CANDIDATE,3
3,00:01,00:04,SHORT_NO_TRADE_OR_DATA_GAP_CANDIDATE,3
3,00:03,00:06,SHORT_NO_TRADE_OR_DATA_GAP_CANDIDATE,3
3,00:05,00:08,SHORT_NO_TRADE_OR_DATA_GAP_CANDIDATE,3
3,00:17,00:20,SHORT_NO_TRADE_OR_DATA_GAP_CANDIDATE,3
3,00:22,00:25,SHORT_NO_TRADE_OR_DATA_GAP_CANDIDATE,3
3,00:25,00:28,SHORT_NO_TRADE_OR_DATA_GAP_CANDIDATE,3
3,00:28,00:31,SHORT_NO_TRADE_OR_DATA_GAP_CANDIDATE,3
3,00:30,00:33,SHORT_NO_TRADE_OR_DATA_GAP_CANDIDATE,3
3,00:36,00:39,SHORT_NO_TRADE_OR_DATA_GAP_CANDIDATE,3
3,00:40,00:43,SHORT_NO_TRADE_OR_DATA_GAP_CANDIDATE,3
3,00:45,00:48,SHORT_NO_TRADE_OR_DATA_GAP_CANDIDATE,3
3,00:52,00:55,SHORT_NO_TRADE_OR_DATA_GAP_CANDIDATE,3
3,01:07,01:10,SHORT_NO_TRADE_OR_DATA_GAP_CANDIDATE,3
3,01:18,01:21,SHORT_NO_TRADE_OR_DATA_GAP_CANDIDATE,3
3,01:22,01:25,SHORT_NO_TRADE_OR_DATA_GAP_CANDIDATE,3
3,01:23,01:26,SHORT_NO_TRADE_OR_DATA_GAP_CANDIDATE,3
3,01:32,01:35,SHORT_NO_TRADE_OR_DATA_GAP_CANDIDATE,3
3,01:38,01:41,SHORT_NO_TRADE_OR_DATA_GAP_CANDIDATE,3
3,01:40,01:43,SHORT_NO_TRADE_OR_DATA_GAP_CANDIDATE,3
3,01:42,01:45,SHORT_NO_TRADE_OR_DATA_GAP_CANDIDATE,3
3,01:46,01:49,SHORT_NO_TRADE_OR_DATA_GAP_CANDIDATE,3
3,01:51,01:54,SHORT_NO_TRADE_OR_DATA_GAP_CANDIDATE,3
3,03:57,04:00,SHORT_NO_TRADE_OR_DATA_GAP_CANDIDATE,3
3,18:32,18:35,SHORT_NO_TRADE_OR_DATA_GAP_CANDIDATE,3
3,19:17,19:20,SHORT_NO_TRADE_OR_DATA_GAP_CANDIDATE,3
3,19:31,19:34,SHORT_NO_TRADE_OR_DATA_GAP_CANDIDATE,3
3,22:20,22:23,SHORT_NO_TRADE_OR_DATA_GAP_CANDIDATE,3
3,23:11,23:14,SHORT_NO_TRADE_OR_DATA_GAP_CANDIDATE,3
3,23:32,23:35,SHORT_NO_TRADE_OR_DATA_GAP_CANDIDATE,3
3,23:33,23:36,SHORT_NO_TRADE_OR_DATA_GAP_CANDIDATE,3
3,23:47,23:50,SHORT_NO_TRADE_OR_DATA_GAP_CANDIDATE,3
3,23:54,23:57,SHORT_NO_TRADE_OR_DATA_GAP_CANDIDATE,3
4,00:46,00:50,SHORT_NO_TRADE_OR_DATA_GAP_CANDIDATE,3
60,16:59,17:59,SHORT_NO_TRADE_OR_DATA_GAP_CANDIDATE,3
1501,16:59,18:00,WEEKEND_OR_MULTIDAY_CLOSURE_CANDIDATE,3
1726,13:14,18:00,WEEKEND_OR_MULTIDAY_CLOSURE_CANDIDATE,3
3406,09:14,18:00,WEEKEND_OR_MULTIDAY_CLOSURE_CANDIDATE,3
2,00:59,01:01,SHORT_NO_TRADE_OR_DATA_GAP_CANDIDATE,2
2,01:09,01:11,SHORT_NO_TRADE_OR_DATA_GAP_CANDIDATE,2
2,01:59,02:01,SHORT_NO_TRADE_OR_DATA_GAP_CANDIDATE,2
2,02:00,02:02,SHORT_NO_TRADE_OR_DATA_GAP_CANDIDATE,2
2,02:01,02:03,SHORT_NO_TRADE_OR_DATA_GAP_CANDIDATE,2
2,02:08,02:10,SHORT_NO_TRADE_OR_DATA_GAP_CANDIDATE,2
2,02:26,02:28,SHORT_NO_TRADE_OR_DATA_GAP_CANDIDATE,2
2,02:31,02:33,SHORT_NO_TRADE_OR_DATA_GAP_CANDIDATE,2
2,02:38,02:40,SHORT_NO_TRADE_OR_DATA_GAP_CANDIDATE,2
2,02:44,02:46,SHORT_NO_TRADE_OR_DATA_GAP_CANDIDATE,2
2,02:56,02:58,SHORT_NO_TRADE_OR_DATA_GAP_CANDIDATE,2
2,03:07,03:09,SHORT_NO_TRADE_OR_DATA_GAP_CANDIDATE,2
2,03:12,03:14,SHORT_NO_TRADE_OR_DATA_GAP_CANDIDATE,2
2,03:17,03:19,SHORT_NO_TRADE_OR_DATA_GAP_CANDIDATE,2
2,03:23,03:25,SHORT_NO_TRADE_OR_DATA_GAP_CANDIDATE,2
2,03:25,03:27,SHORT_NO_TRADE_OR_DATA_GAP_CANDIDATE,2
2,03:27,03:29,SHORT_NO_TRADE_OR_DATA_GAP_CANDIDATE,2
2,03:30,03:32,SHORT_NO_TRADE_OR_DATA_GAP_CANDIDATE,2
2,03:34,03:36,SHORT_NO_TRADE_OR_DATA_GAP_CANDIDATE,2
2,03:36,03:38,SHORT_NO_TRADE_OR_DATA_GAP_CANDIDATE,2
2,03:44,03:46,SHORT_NO_TRADE_OR_DATA_GAP_CANDIDATE,2
2,04:07,04:09,SHORT_NO_TRADE_OR_DATA_GAP_CANDIDATE,2
2,04:08,04:10,SHORT_NO_TRADE_OR_DATA_GAP_CANDIDATE,2
2,04:15,04:17,SHORT_NO_TRADE_OR_DATA_GAP_CANDIDATE,2
2,04:26,04:28,SHORT_NO_TRADE_OR_DATA_GAP_CANDIDATE,2
2,04:27,04:29,SHORT_NO_TRADE_OR_DATA_GAP_CANDIDATE,2
2,04:32,04:34,SHORT_NO_TRADE_OR_DATA_GAP_CANDIDATE,2
2,04:36,04:38,SHORT_NO_TRADE_OR_DATA_GAP_CANDIDATE,2
2,04:40,04:42,SHORT_NO_TRADE_OR_DATA_GAP_CANDIDATE,2
2,04:46,04:48,SHORT_NO_TRADE_OR_DATA_GAP_CANDIDATE,2
2,04:50,04:52,SHORT_NO_TRADE_OR_DATA_GAP_CANDIDATE,2
2,04:55,04:57,SHORT_NO_TRADE_OR_DATA_GAP_CANDIDATE,2
2,04:56,04:58,SHORT_NO_TRADE_OR_DATA_GAP_CANDIDATE,2
2,05:00,05:02,SHORT_NO_TRADE_OR_DATA_GAP_CANDIDATE,2
2,05:03,05:05,SHORT_NO_TRADE_OR_DATA_GAP_CANDIDATE,2
2,05:06,05:08,SHORT_NO_TRADE_OR_DATA_GAP_CANDIDATE,2
2,05:19,05:21,SHORT_NO_TRADE_OR_DATA_GAP_CANDIDATE,2
2,05:21,05:23,SHORT_NO_TRADE_OR_DATA_GAP_CANDIDATE,2
2,05:28,05:30,SHORT_NO_TRADE_OR_DATA_GAP_CANDIDATE,2
2,05:31,05:33,SHORT_NO_TRADE_OR_DATA_GAP_CANDIDATE,2
2,05:44,05:46,SHORT_NO_TRADE_OR_DATA_GAP_CANDIDATE,2
2,05:46,05:48,SHORT_NO_TRADE_OR_DATA_GAP_CANDIDATE,2
2,05:51,05:53,SHORT_NO_TRADE_OR_DATA_GAP_CANDIDATE,2
2,05:52,05:54,SHORT_NO_TRADE_OR_DATA_GAP_CANDIDATE,2
2,05:59,06:01,SHORT_NO_TRADE_OR_DATA_GAP_CANDIDATE,2
2,06:00,06:02,SHORT_NO_TRADE_OR_DATA_GAP_CANDIDATE,2
2,06:01,06:03,SHORT_NO_TRADE_OR_DATA_GAP_CANDIDATE,2
2,06:05,06:07,SHORT_NO_TRADE_OR_DATA_GAP_CANDIDATE,2
2,06:10,06:12,SHORT_NO_TRADE_OR_DATA_GAP_CANDIDATE,2
2,06:16,06:18,SHORT_NO_TRADE_OR_DATA_GAP_CANDIDATE,2
2,06:21,06:23,SHORT_NO_TRADE_OR_DATA_GAP_CANDIDATE,2
2,06:24,06:26,SHORT_NO_TRADE_OR_DATA_GAP_CANDIDATE,2
2,06:25,06:27,SHORT_NO_TRADE_OR_DATA_GAP_CANDIDATE,2
2,06:29,06:31,SHORT_NO_TRADE_OR_DATA_GAP_CANDIDATE,2
2,06:34,06:36,SHORT_NO_TRADE_OR_DATA_GAP_CANDIDATE,2
2,06:39,06:41,SHORT_NO_TRADE_OR_DATA_GAP_CANDIDATE,2
2,06:41,06:43,SHORT_NO_TRADE_OR_DATA_GAP_CANDIDATE,2
2,06:43,06:45,SHORT_NO_TRADE_OR_DATA_GAP_CANDIDATE,2
2,06:50,06:52,SHORT_NO_TRADE_OR_DATA_GAP_CANDIDATE,2
2,07:07,07:09,SHORT_NO_TRADE_OR_DATA_GAP_CANDIDATE,2
2,07:12,07:14,SHORT_NO_TRADE_OR_DATA_GAP_CANDIDATE,2
2,07:13,07:15,SHORT_NO_TRADE_OR_DATA_GAP_CANDIDATE,2
2,07:14,07:16,SHORT_NO_TRADE_OR_DATA_GAP_CANDIDATE,2
2,07:16,07:18,SHORT_NO_TRADE_OR_DATA_GAP_CANDIDATE,2
2,07:19,07:21,SHORT_NO_TRADE_OR_DATA_GAP_CANDIDATE,2
2,07:21,07:23,SHORT_NO_TRADE_OR_DATA_GAP_CANDIDATE,2
2,07:23,07:25,SHORT_NO_TRADE_OR_DATA_GAP_CANDIDATE,2
2,07:25,07:27,SHORT_NO_TRADE_OR_DATA_GAP_CANDIDATE,2
2,07:31,07:33,SHORT_NO_TRADE_OR_DATA_GAP_CANDIDATE,2
2,07:36,07:38,SHORT_NO_TRADE_OR_DATA_GAP_CANDIDATE,2
2,07:42,07:44,SHORT_NO_TRADE_OR_DATA_GAP_CANDIDATE,2
2,07:47,07:49,SHORT_NO_TRADE_OR_DATA_GAP_CANDIDATE,2
2,07:49,07:51,SHORT_NO_TRADE_OR_DATA_GAP_CANDIDATE,2
2,07:57,07:59,SHORT_NO_TRADE_OR_DATA_GAP_CANDIDATE,2
2,08:01,08:03,SHORT_NO_TRADE_OR_DATA_GAP_CANDIDATE,2
2,08:03,08:05,SHORT_NO_TRADE_OR_DATA_GAP_CANDIDATE,2
2,08:05,08:07,SHORT_NO_TRADE_OR_DATA_GAP_CANDIDATE,2
2,08:06,08:08,SHORT_NO_TRADE_OR_DATA_GAP_CANDIDATE,2
2,08:09,08:11,SHORT_NO_TRADE_OR_DATA_GAP_CANDIDATE,2
2,08:12,08:14,SHORT_NO_TRADE_OR_DATA_GAP_CANDIDATE,2
2,08:18,08:20,SHORT_NO_TRADE_OR_DATA_GAP_CANDIDATE,2
2,08:21,08:23,SHORT_NO_TRADE_OR_DATA_GAP_CANDIDATE,2
2,08:24,08:26,SHORT_NO_TRADE_OR_DATA_GAP_CANDIDATE,2
2,08:25,08:27,SHORT_NO_TRADE_OR_DATA_GAP_CANDIDATE,2
2,08:26,08:28,SHORT_NO_TRADE_OR_DATA_GAP_CANDIDATE,2
2,08:38,08:40,SHORT_NO_TRADE_OR_DATA_GAP_CANDIDATE,2
2,08:41,08:43,SHORT_NO_TRADE_OR_DATA_GAP_CANDIDATE,2
2,08:54,08:56,SHORT_NO_TRADE_OR_DATA_GAP_CANDIDATE,2
2,09:05,09:07,SHORT_NO_TRADE_OR_DATA_GAP_CANDIDATE,2
2,09:07,09:09,SHORT_NO_TRADE_OR_DATA_GAP_CANDIDATE,2
2,09:17,09:19,SHORT_NO_TRADE_OR_DATA_GAP_CANDIDATE,2
2,09:20,09:22,SHORT_NO_TRADE_OR_DATA_GAP_CANDIDATE,2
2,09:22,09:24,SHORT_NO_TRADE_OR_DATA_GAP_CANDIDATE,2
2,10:50,10:52,SHORT_NO_TRADE_OR_DATA_GAP_CANDIDATE,2
2,12:18,12:20,SHORT_NO_TRADE_OR_DATA_GAP_CANDIDATE,2
2,12:41,12:43,SHORT_NO_TRADE_OR_DATA_GAP_CANDIDATE,2
2,14:38,14:40,SHORT_NO_TRADE_OR_DATA_GAP_CANDIDATE,2
2,16:36,16:38,SHORT_NO_TRADE_OR_DATA_GAP_CANDIDATE,2
2,16:39,16:41,SHORT_NO_TRADE_OR_DATA_GAP_CANDIDATE,2
2,18:04,18:06,SHORT_NO_TRADE_OR_DATA_GAP_CANDIDATE,2
2,18:10,18:12,SHORT_NO_TRADE_OR_DATA_GAP_CANDIDATE,2
2,18:12,18:14,SHORT_NO_TRADE_OR_DATA_GAP_CANDIDATE,2
2,19:00,19:02,SHORT_NO_TRADE_OR_DATA_GAP_CANDIDATE,2
2,19:29,19:31,SHORT_NO_TRADE_OR_DATA_GAP_CANDIDATE,2
2,19:44,19:46,SHORT_NO_TRADE_OR_DATA_GAP_CANDIDATE,2
2,19:45,19:47,SHORT_NO_TRADE_OR_DATA_GAP_CANDIDATE,2
2,19:46,19:48,SHORT_NO_TRADE_OR_DATA_GAP_CANDIDATE,2
2,19:47,19:49,SHORT_NO_TRADE_OR_DATA_GAP_CANDIDATE,2
2,19:54,19:56,SHORT_NO_TRADE_OR_DATA_GAP_CANDIDATE,2
2,20:07,20:09,SHORT_NO_TRADE_OR_DATA_GAP_CANDIDATE,2
2,20:10,20:12,SHORT_NO_TRADE_OR_DATA_GAP_CANDIDATE,2
2,20:11,20:13,SHORT_NO_TRADE_OR_DATA_GAP_CANDIDATE,2
2,20:13,20:15,SHORT_NO_TRADE_OR_DATA_GAP_CANDIDATE,2
2,20:19,20:21,SHORT_NO_TRADE_OR_DATA_GAP_CANDIDATE,2
2,20:20,20:22,SHORT_NO_TRADE_OR_DATA_GAP_CANDIDATE,2
2,20:27,20:29,SHORT_NO_TRADE_OR_DATA_GAP_CANDIDATE,2
2,20:32,20:34,SHORT_NO_TRADE_OR_DATA_GAP_CANDIDATE,2
2,20:33,20:35,SHORT_NO_TRADE_OR_DATA_GAP_CANDIDATE,2
2,20:34,20:36,SHORT_NO_TRADE_OR_DATA_GAP_CANDIDATE,2
2,20:35,20:37,SHORT_NO_TRADE_OR_DATA_GAP_CANDIDATE,2
2,20:39,20:41,SHORT_NO_TRADE_OR_DATA_GAP_CANDIDATE,2
2,20:40,20:42,SHORT_NO_TRADE_OR_DATA_GAP_CANDIDATE,2
2,20:41,20:43,SHORT_NO_TRADE_OR_DATA_GAP_CANDIDATE,2
2,20:43,20:45,SHORT_NO_TRADE_OR_DATA_GAP_CANDIDATE,2
2,20:47,20:49,SHORT_NO_TRADE_OR_DATA_GAP_CANDIDATE,2
2,20:48,20:50,SHORT_NO_TRADE_OR_DATA_GAP_CANDIDATE,2
2,20:58,21:00,SHORT_NO_TRADE_OR_DATA_GAP_CANDIDATE,2
2,21:00,21:02,SHORT_NO_TRADE_OR_DATA_GAP_CANDIDATE,2
2,21:05,21:07,SHORT_NO_TRADE_OR_DATA_GAP_CANDIDATE,2
2,21:10,21:12,SHORT_NO_TRADE_OR_DATA_GAP_CANDIDATE,2
2,21:17,21:19,SHORT_NO_TRADE_OR_DATA_GAP_CANDIDATE,2
2,21:21,21:23,SHORT_NO_TRADE_OR_DATA_GAP_CANDIDATE,2
2,21:25,21:27,SHORT_NO_TRADE_OR_DATA_GAP_CANDIDATE,2
2,21:37,21:39,SHORT_NO_TRADE_OR_DATA_GAP_CANDIDATE,2
2,21:39,21:41,SHORT_NO_TRADE_OR_DATA_GAP_CANDIDATE,2
2,21:40,21:42,SHORT_NO_TRADE_OR_DATA_GAP_CANDIDATE,2
2,21:43,21:45,SHORT_NO_TRADE_OR_DATA_GAP_CANDIDATE,2
2,21:45,21:47,SHORT_NO_TRADE_OR_DATA_GAP_CANDIDATE,2
2,21:46,21:48,SHORT_NO_TRADE_OR_DATA_GAP_CANDIDATE,2
2,21:47,21:49,SHORT_NO_TRADE_OR_DATA_GAP_CANDIDATE,2
2,21:48,21:50,SHORT_NO_TRADE_OR_DATA_GAP_CANDIDATE,2
2,21:56,21:58,SHORT_NO_TRADE_OR_DATA_GAP_CANDIDATE,2
2,22:10,22:12,SHORT_NO_TRADE_OR_DATA_GAP_CANDIDATE,2
2,22:14,22:16,SHORT_NO_TRADE_OR_DATA_GAP_CANDIDATE,2
2,22:15,22:17,SHORT_NO_TRADE_OR_DATA_GAP_CANDIDATE,2
2,22:29,22:31,SHORT_NO_TRADE_OR_DATA_GAP_CANDIDATE,2
2,22:40,22:42,SHORT_NO_TRADE_OR_DATA_GAP_CANDIDATE,2
2,22:59,23:01,SHORT_NO_TRADE_OR_DATA_GAP_CANDIDATE,2
3,00:02,00:05,SHORT_NO_TRADE_OR_DATA_GAP_CANDIDATE,2
3,00:04,00:07,SHORT_NO_TRADE_OR_DATA_GAP_CANDIDATE,2
3,00:07,00:10,SHORT_NO_TRADE_OR_DATA_GAP_CANDIDATE,2
3,00:08,00:11,SHORT_NO_TRADE_OR_DATA_GAP_CANDIDATE,2
3,00:09,00:12,SHORT_NO_TRADE_OR_DATA_GAP_CANDIDATE,2
3,00:10,00:13,SHORT_NO_TRADE_OR_DATA_GAP_CANDIDATE,2
3,00:15,00:18,SHORT_NO_TRADE_OR_DATA_GAP_CANDIDATE,2
3,00:20,00:23,SHORT_NO_TRADE_OR_DATA_GAP_CANDIDATE,2
3,00:23,00:26,SHORT_NO_TRADE_OR_DATA_GAP_CANDIDATE,2
3,00:24,00:27,SHORT_NO_TRADE_OR_DATA_GAP_CANDIDATE,2
3,00:32,00:35,SHORT_NO_TRADE_OR_DATA_GAP_CANDIDATE,2
3,00:41,00:44,SHORT_NO_TRADE_OR_DATA_GAP_CANDIDATE,2
3,00:42,00:45,SHORT_NO_TRADE_OR_DATA_GAP_CANDIDATE,2
3,00:44,00:47,SHORT_NO_TRADE_OR_DATA_GAP_CANDIDATE,2
3,00:46,00:49,SHORT_NO_TRADE_OR_DATA_GAP_CANDIDATE,2
3,00:47,00:50,SHORT_NO_TRADE_OR_DATA_GAP_CANDIDATE,2
3,00:49,00:52,SHORT_NO_TRADE_OR_DATA_GAP_CANDIDATE,2
3,00:53,00:56,SHORT_NO_TRADE_OR_DATA_GAP_CANDIDATE,2
3,00:55,00:58,SHORT_NO_TRADE_OR_DATA_GAP_CANDIDATE,2
3,00:56,00:59,SHORT_NO_TRADE_OR_DATA_GAP_CANDIDATE,2
3,00:57,01:00,SHORT_NO_TRADE_OR_DATA_GAP_CANDIDATE,2
3,01:03,01:06,SHORT_NO_TRADE_OR_DATA_GAP_CANDIDATE,2
3,01:04,01:07,SHORT_NO_TRADE_OR_DATA_GAP_CANDIDATE,2
3,01:12,01:15,SHORT_NO_TRADE_OR_DATA_GAP_CANDIDATE,2
3,01:17,01:20,SHORT_NO_TRADE_OR_DATA_GAP_CANDIDATE,2
3,01:20,01:23,SHORT_NO_TRADE_OR_DATA_GAP_CANDIDATE,2
3,01:24,01:27,SHORT_NO_TRADE_OR_DATA_GAP_CANDIDATE,2
3,01:27,01:30,SHORT_NO_TRADE_OR_DATA_GAP_CANDIDATE,2
3,01:28,01:31,SHORT_NO_TRADE_OR_DATA_GAP_CANDIDATE,2
3,01:31,01:34,SHORT_NO_TRADE_OR_DATA_GAP_CANDIDATE,2
3,01:37,01:40,SHORT_NO_TRADE_OR_DATA_GAP_CANDIDATE,2
3,01:39,01:42,SHORT_NO_TRADE_OR_DATA_GAP_CANDIDATE,2
3,01:41,01:44,SHORT_NO_TRADE_OR_DATA_GAP_CANDIDATE,2
3,01:43,01:46,SHORT_NO_TRADE_OR_DATA_GAP_CANDIDATE,2
3,01:56,01:59,SHORT_NO_TRADE_OR_DATA_GAP_CANDIDATE,2
3,02:25,02:28,SHORT_NO_TRADE_OR_DATA_GAP_CANDIDATE,2
3,02:26,02:29,SHORT_NO_TRADE_OR_DATA_GAP_CANDIDATE,2
3,02:37,02:40,SHORT_NO_TRADE_OR_DATA_GAP_CANDIDATE,2
3,02:38,02:41,SHORT_NO_TRADE_OR_DATA_GAP_CANDIDATE,2
3,02:43,02:46,SHORT_NO_TRADE_OR_DATA_GAP_CANDIDATE,2
3,02:48,02:51,SHORT_NO_TRADE_OR_DATA_GAP_CANDIDATE,2
3,02:57,03:00,SHORT_NO_TRADE_OR_DATA_GAP_CANDIDATE,2
3,04:03,04:06,SHORT_NO_TRADE_OR_DATA_GAP_CANDIDATE,2
3,06:07,06:10,SHORT_NO_TRADE_OR_DATA_GAP_CANDIDATE,2
3,06:23,06:26,SHORT_NO_TRADE_OR_DATA_GAP_CANDIDATE,2
3,06:35,06:38,SHORT_NO_TRADE_OR_DATA_GAP_CANDIDATE,2
3,06:37,06:40,SHORT_NO_TRADE_OR_DATA_GAP_CANDIDATE,2
3,07:20,07:23,SHORT_NO_TRADE_OR_DATA_GAP_CANDIDATE,2
3,07:32,07:35,SHORT_NO_TRADE_OR_DATA_GAP_CANDIDATE,2
3,07:47,07:50,SHORT_NO_TRADE_OR_DATA_GAP_CANDIDATE,2
3,18:23,18:26,SHORT_NO_TRADE_OR_DATA_GAP_CANDIDATE,2
3,18:26,18:29,SHORT_NO_TRADE_OR_DATA_GAP_CANDIDATE,2
3,18:34,18:37,SHORT_NO_TRADE_OR_DATA_GAP_CANDIDATE,2
3,18:37,18:40,SHORT_NO_TRADE_OR_DATA_GAP_CANDIDATE,2
3,18:41,18:44,SHORT_NO_TRADE_OR_DATA_GAP_CANDIDATE,2
3,18:47,18:50,SHORT_NO_TRADE_OR_DATA_GAP_CANDIDATE,2
3,18:48,18:51,SHORT_NO_TRADE_OR_DATA_GAP_CANDIDATE,2
3,18:51,18:54,SHORT_NO_TRADE_OR_DATA_GAP_CANDIDATE,2
3,18:52,18:55,SHORT_NO_TRADE_OR_DATA_GAP_CANDIDATE,2
3,18:53,18:56,SHORT_NO_TRADE_OR_DATA_GAP_CANDIDATE,2
3,18:55,18:58,SHORT_NO_TRADE_OR_DATA_GAP_CANDIDATE,2
3,18:58,19:01,SHORT_NO_TRADE_OR_DATA_GAP_CANDIDATE,2
3,19:07,19:10,SHORT_NO_TRADE_OR_DATA_GAP_CANDIDATE,2
3,19:12,19:15,SHORT_NO_TRADE_OR_DATA_GAP_CANDIDATE,2
3,19:16,19:19,SHORT_NO_TRADE_OR_DATA_GAP_CANDIDATE,2
3,19:21,19:24,SHORT_NO_TRADE_OR_DATA_GAP_CANDIDATE,2
3,19:23,19:26,SHORT_NO_TRADE_OR_DATA_GAP_CANDIDATE,2
3,19:24,19:27,SHORT_NO_TRADE_OR_DATA_GAP_CANDIDATE,2
3,19:25,19:28,SHORT_NO_TRADE_OR_DATA_GAP_CANDIDATE,2
3,19:29,19:32,SHORT_NO_TRADE_OR_DATA_GAP_CANDIDATE,2
3,19:38,19:41,SHORT_NO_TRADE_OR_DATA_GAP_CANDIDATE,2
3,20:38,20:41,SHORT_NO_TRADE_OR_DATA_GAP_CANDIDATE,2
3,21:22,21:25,SHORT_NO_TRADE_OR_DATA_GAP_CANDIDATE,2
3,22:42,22:45,SHORT_NO_TRADE_OR_DATA_GAP_CANDIDATE,2
3,22:50,22:53,SHORT_NO_TRADE_OR_DATA_GAP_CANDIDATE,2
3,22:56,22:59,SHORT_NO_TRADE_OR_DATA_GAP_CANDIDATE,2
3,22:59,23:02,SHORT_NO_TRADE_OR_DATA_GAP_CANDIDATE,2
3,23:00,23:03,SHORT_NO_TRADE_OR_DATA_GAP_CANDIDATE,2
3,23:04,23:07,SHORT_NO_TRADE_OR_DATA_GAP_CANDIDATE,2
3,23:05,23:08,SHORT_NO_TRADE_OR_DATA_GAP_CANDIDATE,2
3,23:06,23:09,SHORT_NO_TRADE_OR_DATA_GAP_CANDIDATE,2
3,23:09,23:12,SHORT_NO_TRADE_OR_DATA_GAP_CANDIDATE,2
3,23:12,23:15,SHORT_NO_TRADE_OR_DATA_GAP_CANDIDATE,2
3,23:14,23:17,SHORT_NO_TRADE_OR_DATA_GAP_CANDIDATE,2
3,23:17,23:20,SHORT_NO_TRADE_OR_DATA_GAP_CANDIDATE,2
3,23:18,23:21,SHORT_NO_TRADE_OR_DATA_GAP_CANDIDATE,2
3,23:19,23:22,SHORT_NO_TRADE_OR_DATA_GAP_CANDIDATE,2
3,23:25,23:28,SHORT_NO_TRADE_OR_DATA_GAP_CANDIDATE,2
3,23:34,23:37,SHORT_NO_TRADE_OR_DATA_GAP_CANDIDATE,2
3,23:36,23:39,SHORT_NO_TRADE_OR_DATA_GAP_CANDIDATE,2
3,23:37,23:40,SHORT_NO_TRADE_OR_DATA_GAP_CANDIDATE,2
3,23:38,23:41,SHORT_NO_TRADE_OR_DATA_GAP_CANDIDATE,2
3,23:44,23:47,SHORT_NO_TRADE_OR_DATA_GAP_CANDIDATE,2
3,23:45,23:48,SHORT_NO_TRADE_OR_DATA_GAP_CANDIDATE,2
3,23:50,23:53,SHORT_NO_TRADE_OR_DATA_GAP_CANDIDATE,2
3,23:57,00:00,SHORT_NO_TRADE_OR_DATA_GAP_CANDIDATE,2
3,23:58,00:01,SHORT_NO_TRADE_OR_DATA_GAP_CANDIDATE,2
4,00:14,00:18,SHORT_NO_TRADE_OR_DATA_GAP_CANDIDATE,2
4,00:21,00:25,SHORT_NO_TRADE_OR_DATA_GAP_CANDIDATE,2
4,00:48,00:52,SHORT_NO_TRADE_OR_DATA_GAP_CANDIDATE,2
4,01:51,01:55,SHORT_NO_TRADE_OR_DATA_GAP_CANDIDATE,2
4,05:36,05:40,SHORT_NO_TRADE_OR_DATA_GAP_CANDIDATE,2
4,09:02,09:06,SHORT_NO_TRADE_OR_DATA_GAP_CANDIDATE,2
4,18:55,18:59,SHORT_NO_TRADE_OR_DATA_GAP_CANDIDATE,2
4,19:19,19:23,SHORT_NO_TRADE_OR_DATA_GAP_CANDIDATE,2
4,22:15,22:19,SHORT_NO_TRADE_OR_DATA_GAP_CANDIDATE,2
4,23:01,23:05,SHORT_NO_TRADE_OR_DATA_GAP_CANDIDATE,2
4,23:09,23:13,SHORT_NO_TRADE_OR_DATA_GAP_CANDIDATE,2
4,23:10,23:14,SHORT_NO_TRADE_OR_DATA_GAP_CANDIDATE,2
4,23:21,23:25,SHORT_NO_TRADE_OR_DATA_GAP_CANDIDATE,2
4,23:36,23:40,SHORT_NO_TRADE_OR_DATA_GAP_CANDIDATE,2
4,23:40,23:44,SHORT_NO_TRADE_OR_DATA_GAP_CANDIDATE,2
4,23:57,00:01,SHORT_NO_TRADE_OR_DATA_GAP_CANDIDATE,2
5,00:25,00:30,SHORT_NO_TRADE_OR_DATA_GAP_CANDIDATE,2
5,00:38,00:43,SHORT_NO_TRADE_OR_DATA_GAP_CANDIDATE,2
5,03:25,03:30,SHORT_NO_TRADE_OR_DATA_GAP_CANDIDATE,2
6,01:43,01:49,SHORT_NO_TRADE_OR_DATA_GAP_CANDIDATE,2
2,02:04,02:06,SHORT_NO_TRADE_OR_DATA_GAP_CANDIDATE,1
2,02:05,02:07,SHORT_NO_TRADE_OR_DATA_GAP_CANDIDATE,1
2,02:14,02:16,SHORT_NO_TRADE_OR_DATA_GAP_CANDIDATE,1
2,03:03,03:05,SHORT_NO_TRADE_OR_DATA_GAP_CANDIDATE,1
2,03:05,03:07,SHORT_NO_TRADE_OR_DATA_GAP_CANDIDATE,1
2,03:08,03:10,SHORT_NO_TRADE_OR_DATA_GAP_CANDIDATE,1
2,03:11,03:13,SHORT_NO_TRADE_OR_DATA_GAP_CANDIDATE,1
2,03:15,03:17,SHORT_NO_TRADE_OR_DATA_GAP_CANDIDATE,1
2,03:16,03:18,SHORT_NO_TRADE_OR_DATA_GAP_CANDIDATE,1
2,03:24,03:26,SHORT_NO_TRADE_OR_DATA_GAP_CANDIDATE,1
2,03:26,03:28,SHORT_NO_TRADE_OR_DATA_GAP_CANDIDATE,1
2,03:28,03:30,SHORT_NO_TRADE_OR_DATA_GAP_CANDIDATE,1
2,03:32,03:34,SHORT_NO_TRADE_OR_DATA_GAP_CANDIDATE,1
2,03:35,03:37,SHORT_NO_TRADE_OR_DATA_GAP_CANDIDATE,1
2,03:37,03:39,SHORT_NO_TRADE_OR_DATA_GAP_CANDIDATE,1
2,03:43,03:45,SHORT_NO_TRADE_OR_DATA_GAP_CANDIDATE,1
2,03:45,03:47,SHORT_NO_TRADE_OR_DATA_GAP_CANDIDATE,1
2,03:48,03:50,SHORT_NO_TRADE_OR_DATA_GAP_CANDIDATE,1
2,03:50,03:52,SHORT_NO_TRADE_OR_DATA_GAP_CANDIDATE,1
2,03:57,03:59,SHORT_NO_TRADE_OR_DATA_GAP_CANDIDATE,1
2,04:02,04:04,SHORT_NO_TRADE_OR_DATA_GAP_CANDIDATE,1
2,04:04,04:06,SHORT_NO_TRADE_OR_DATA_GAP_CANDIDATE,1
2,04:05,04:07,SHORT_NO_TRADE_OR_DATA_GAP_CANDIDATE,1
2,04:09,04:11,SHORT_NO_TRADE_OR_DATA_GAP_CANDIDATE,1
2,04:13,04:15,SHORT_NO_TRADE_OR_DATA_GAP_CANDIDATE,1
2,04:14,04:16,SHORT_NO_TRADE_OR_DATA_GAP_CANDIDATE,1
2,04:17,04:19,SHORT_NO_TRADE_OR_DATA_GAP_CANDIDATE,1
2,04:19,04:21,SHORT_NO_TRADE_OR_DATA_GAP_CANDIDATE,1
2,04:20,04:22,SHORT_NO_TRADE_OR_DATA_GAP_CANDIDATE,1
2,04:25,04:27,SHORT_NO_TRADE_OR_DATA_GAP_CANDIDATE,1
2,04:29,04:31,SHORT_NO_TRADE_OR_DATA_GAP_CANDIDATE,1
2,04:33,04:35,SHORT_NO_TRADE_OR_DATA_GAP_CANDIDATE,1
2,04:34,04:36,SHORT_NO_TRADE_OR_DATA_GAP_CANDIDATE,1
2,04:37,04:39,SHORT_NO_TRADE_OR_DATA_GAP_CANDIDATE,1
2,04:39,04:41,SHORT_NO_TRADE_OR_DATA_GAP_CANDIDATE,1
2,04:45,04:47,SHORT_NO_TRADE_OR_DATA_GAP_CANDIDATE,1
2,04:49,04:51,SHORT_NO_TRADE_OR_DATA_GAP_CANDIDATE,1
2,04:54,04:56,SHORT_NO_TRADE_OR_DATA_GAP_CANDIDATE,1
2,05:01,05:03,SHORT_NO_TRADE_OR_DATA_GAP_CANDIDATE,1
2,05:04,05:06,SHORT_NO_TRADE_OR_DATA_GAP_CANDIDATE,1
2,05:12,05:14,SHORT_NO_TRADE_OR_DATA_GAP_CANDIDATE,1
2,05:23,05:25,SHORT_NO_TRADE_OR_DATA_GAP_CANDIDATE,1
2,05:26,05:28,SHORT_NO_TRADE_OR_DATA_GAP_CANDIDATE,1
2,05:29,05:31,SHORT_NO_TRADE_OR_DATA_GAP_CANDIDATE,1
2,05:33,05:35,SHORT_NO_TRADE_OR_DATA_GAP_CANDIDATE,1
2,05:34,05:36,SHORT_NO_TRADE_OR_DATA_GAP_CANDIDATE,1
2,05:37,05:39,SHORT_NO_TRADE_OR_DATA_GAP_CANDIDATE,1
2,06:08,06:10,SHORT_NO_TRADE_OR_DATA_GAP_CANDIDATE,1
2,06:11,06:13,SHORT_NO_TRADE_OR_DATA_GAP_CANDIDATE,1
2,06:12,06:14,SHORT_NO_TRADE_OR_DATA_GAP_CANDIDATE,1
2,06:14,06:16,SHORT_NO_TRADE_OR_DATA_GAP_CANDIDATE,1
2,06:30,06:32,SHORT_NO_TRADE_OR_DATA_GAP_CANDIDATE,1
2,06:32,06:34,SHORT_NO_TRADE_OR_DATA_GAP_CANDIDATE,1
2,06:35,06:37,SHORT_NO_TRADE_OR_DATA_GAP_CANDIDATE,1
2,06:37,06:39,SHORT_NO_TRADE_OR_DATA_GAP_CANDIDATE,1
2,06:54,06:56,SHORT_NO_TRADE_OR_DATA_GAP_CANDIDATE,1
2,06:58,07:00,SHORT_NO_TRADE_OR_DATA_GAP_CANDIDATE,1
2,07:01,07:03,SHORT_NO_TRADE_OR_DATA_GAP_CANDIDATE,1
2,07:03,07:05,SHORT_NO_TRADE_OR_DATA_GAP_CANDIDATE,1
2,07:20,07:22,SHORT_NO_TRADE_OR_DATA_GAP_CANDIDATE,1
2,07:29,07:31,SHORT_NO_TRADE_OR_DATA_GAP_CANDIDATE,1
2,07:34,07:36,SHORT_NO_TRADE_OR_DATA_GAP_CANDIDATE,1
2,07:46,07:48,SHORT_NO_TRADE_OR_DATA_GAP_CANDIDATE,1
2,07:48,07:50,SHORT_NO_TRADE_OR_DATA_GAP_CANDIDATE,1
2,07:51,07:53,SHORT_NO_TRADE_OR_DATA_GAP_CANDIDATE,1
2,07:54,07:56,SHORT_NO_TRADE_OR_DATA_GAP_CANDIDATE,1
2,07:58,08:00,SHORT_NO_TRADE_OR_DATA_GAP_CANDIDATE,1
2,08:00,08:02,SHORT_NO_TRADE_OR_DATA_GAP_CANDIDATE,1
2,08:02,08:04,SHORT_NO_TRADE_OR_DATA_GAP_CANDIDATE,1
2,08:04,08:06,SHORT_NO_TRADE_OR_DATA_GAP_CANDIDATE,1
2,08:16,08:18,SHORT_NO_TRADE_OR_DATA_GAP_CANDIDATE,1
2,08:20,08:22,SHORT_NO_TRADE_OR_DATA_GAP_CANDIDATE,1
2,08:22,08:24,SHORT_NO_TRADE_OR_DATA_GAP_CANDIDATE,1
2,08:27,08:29,SHORT_NO_TRADE_OR_DATA_GAP_CANDIDATE,1
2,08:30,08:32,SHORT_NO_TRADE_OR_DATA_GAP_CANDIDATE,1
2,08:32,08:34,SHORT_NO_TRADE_OR_DATA_GAP_CANDIDATE,1
2,08:33,08:35,SHORT_NO_TRADE_OR_DATA_GAP_CANDIDATE,1
2,08:34,08:36,SHORT_NO_TRADE_OR_DATA_GAP_CANDIDATE,1
2,08:35,08:37,SHORT_NO_TRADE_OR_DATA_GAP_CANDIDATE,1
2,08:39,08:41,SHORT_NO_TRADE_OR_DATA_GAP_CANDIDATE,1
2,08:40,08:42,SHORT_NO_TRADE_OR_DATA_GAP_CANDIDATE,1
2,08:44,08:46,SHORT_NO_TRADE_OR_DATA_GAP_CANDIDATE,1
2,08:45,08:47,SHORT_NO_TRADE_OR_DATA_GAP_CANDIDATE,1
2,08:53,08:55,SHORT_NO_TRADE_OR_DATA_GAP_CANDIDATE,1
2,08:57,08:59,SHORT_NO_TRADE_OR_DATA_GAP_CANDIDATE,1
2,08:58,09:00,SHORT_NO_TRADE_OR_DATA_GAP_CANDIDATE,1
2,09:00,09:02,SHORT_NO_TRADE_OR_DATA_GAP_CANDIDATE,1
2,09:08,09:10,SHORT_NO_TRADE_OR_DATA_GAP_CANDIDATE,1
2,09:12,09:14,SHORT_NO_TRADE_OR_DATA_GAP_CANDIDATE,1
2,09:15,09:17,SHORT_NO_TRADE_OR_DATA_GAP_CANDIDATE,1
2,09:21,09:23,SHORT_NO_TRADE_OR_DATA_GAP_CANDIDATE,1
2,09:52,09:54,SHORT_NO_TRADE_OR_DATA_GAP_CANDIDATE,1
2,10:04,10:06,SHORT_NO_TRADE_OR_DATA_GAP_CANDIDATE,1
2,10:11,10:13,SHORT_NO_TRADE_OR_DATA_GAP_CANDIDATE,1
2,10:16,10:18,SHORT_NO_TRADE_OR_DATA_GAP_CANDIDATE,1
2,10:21,10:23,SHORT_NO_TRADE_OR_DATA_GAP_CANDIDATE,1
2,10:24,10:26,SHORT_NO_TRADE_OR_DATA_GAP_CANDIDATE,1
2,10:26,10:28,SHORT_NO_TRADE_OR_DATA_GAP_CANDIDATE,1
2,10:28,10:30,SHORT_NO_TRADE_OR_DATA_GAP_CANDIDATE,1
2,10:34,10:36,SHORT_NO_TRADE_OR_DATA_GAP_CANDIDATE,1
2,10:43,10:45,SHORT_NO_TRADE_OR_DATA_GAP_CANDIDATE,1
2,10:52,10:54,SHORT_NO_TRADE_OR_DATA_GAP_CANDIDATE,1
2,10:53,10:55,SHORT_NO_TRADE_OR_DATA_GAP_CANDIDATE,1
2,11:12,11:14,SHORT_NO_TRADE_OR_DATA_GAP_CANDIDATE,1
2,11:15,11:17,SHORT_NO_TRADE_OR_DATA_GAP_CANDIDATE,1
2,11:18,11:20,SHORT_NO_TRADE_OR_DATA_GAP_CANDIDATE,1
2,11:22,11:24,SHORT_NO_TRADE_OR_DATA_GAP_CANDIDATE,1
2,11:46,11:48,SHORT_NO_TRADE_OR_DATA_GAP_CANDIDATE,1
2,11:49,11:51,SHORT_NO_TRADE_OR_DATA_GAP_CANDIDATE,1
2,11:50,11:52,SHORT_NO_TRADE_OR_DATA_GAP_CANDIDATE,1
2,11:55,11:57,SHORT_NO_TRADE_OR_DATA_GAP_CANDIDATE,1
2,11:56,11:58,SHORT_NO_TRADE_OR_DATA_GAP_CANDIDATE,1
2,12:03,12:05,SHORT_NO_TRADE_OR_DATA_GAP_CANDIDATE,1
2,12:07,12:09,SHORT_NO_TRADE_OR_DATA_GAP_CANDIDATE,1
2,12:12,12:14,SHORT_NO_TRADE_OR_DATA_GAP_CANDIDATE,1
2,12:13,12:15,SHORT_NO_TRADE_OR_DATA_GAP_CANDIDATE,1
2,12:14,12:16,SHORT_NO_TRADE_OR_DATA_GAP_CANDIDATE,1
2,12:16,12:18,SHORT_NO_TRADE_OR_DATA_GAP_CANDIDATE,1
2,12:17,12:19,SHORT_NO_TRADE_OR_DATA_GAP_CANDIDATE,1
2,12:20,12:22,SHORT_NO_TRADE_OR_DATA_GAP_CANDIDATE,1
2,12:21,12:23,SHORT_NO_TRADE_OR_DATA_GAP_CANDIDATE,1
2,12:26,12:28,SHORT_NO_TRADE_OR_DATA_GAP_CANDIDATE,1
2,12:28,12:30,SHORT_NO_TRADE_OR_DATA_GAP_CANDIDATE,1
2,12:31,12:33,SHORT_NO_TRADE_OR_DATA_GAP_CANDIDATE,1
2,12:36,12:38,SHORT_NO_TRADE_OR_DATA_GAP_CANDIDATE,1
2,12:40,12:42,SHORT_NO_TRADE_OR_DATA_GAP_CANDIDATE,1
2,12:47,12:49,SHORT_NO_TRADE_OR_DATA_GAP_CANDIDATE,1
2,13:29,13:31,SHORT_NO_TRADE_OR_DATA_GAP_CANDIDATE,1
2,14:18,14:20,SHORT_NO_TRADE_OR_DATA_GAP_CANDIDATE,1
2,15:10,15:12,SHORT_NO_TRADE_OR_DATA_GAP_CANDIDATE,1
2,16:26,16:28,CME_HALT_PLUS_ADJACENT_GAP_CANDIDATE,1
2,16:31,16:33,SHORT_NO_TRADE_OR_DATA_GAP_CANDIDATE,1
2,16:32,16:34,SHORT_NO_TRADE_OR_DATA_GAP_CANDIDATE,1
2,16:35,16:37,SHORT_NO_TRADE_OR_DATA_GAP_CANDIDATE,1
2,16:41,16:43,SHORT_NO_TRADE_OR_DATA_GAP_CANDIDATE,1
2,16:42,16:44,SHORT_NO_TRADE_OR_DATA_GAP_CANDIDATE,1
2,16:44,16:46,SHORT_NO_TRADE_OR_DATA_GAP_CANDIDATE,1
2,16:48,16:50,SHORT_NO_TRADE_OR_DATA_GAP_CANDIDATE,1
2,16:52,16:54,SHORT_NO_TRADE_OR_DATA_GAP_CANDIDATE,1
2,16:53,16:55,SHORT_NO_TRADE_OR_DATA_GAP_CANDIDATE,1
2,16:56,16:58,SHORT_NO_TRADE_OR_DATA_GAP_CANDIDATE,1
2,16:57,16:59,SHORT_NO_TRADE_OR_DATA_GAP_CANDIDATE,1
2,18:03,18:05,SHORT_NO_TRADE_OR_DATA_GAP_CANDIDATE,1
2,18:06,18:08,SHORT_NO_TRADE_OR_DATA_GAP_CANDIDATE,1
2,20:00,20:02,SHORT_NO_TRADE_OR_DATA_GAP_CANDIDATE,1
2,20:02,20:04,SHORT_NO_TRADE_OR_DATA_GAP_CANDIDATE,1
2,20:04,20:06,SHORT_NO_TRADE_OR_DATA_GAP_CANDIDATE,1
2,20:05,20:07,SHORT_NO_TRADE_OR_DATA_GAP_CANDIDATE,1
2,20:06,20:08,SHORT_NO_TRADE_OR_DATA_GAP_CANDIDATE,1
2,20:12,20:14,SHORT_NO_TRADE_OR_DATA_GAP_CANDIDATE,1
2,20:15,20:17,SHORT_NO_TRADE_OR_DATA_GAP_CANDIDATE,1
2,20:17,20:19,SHORT_NO_TRADE_OR_DATA_GAP_CANDIDATE,1
2,20:18,20:20,SHORT_NO_TRADE_OR_DATA_GAP_CANDIDATE,1
2,20:23,20:25,SHORT_NO_TRADE_OR_DATA_GAP_CANDIDATE,1
2,20:24,20:26,SHORT_NO_TRADE_OR_DATA_GAP_CANDIDATE,1
2,20:26,20:28,SHORT_NO_TRADE_OR_DATA_GAP_CANDIDATE,1
2,20:30,20:32,SHORT_NO_TRADE_OR_DATA_GAP_CANDIDATE,1
2,20:38,20:40,SHORT_NO_TRADE_OR_DATA_GAP_CANDIDATE,1
2,20:44,20:46,SHORT_NO_TRADE_OR_DATA_GAP_CANDIDATE,1
2,20:45,20:47,SHORT_NO_TRADE_OR_DATA_GAP_CANDIDATE,1
2,21:02,21:04,SHORT_NO_TRADE_OR_DATA_GAP_CANDIDATE,1
2,21:07,21:09,SHORT_NO_TRADE_OR_DATA_GAP_CANDIDATE,1
2,21:13,21:15,SHORT_NO_TRADE_OR_DATA_GAP_CANDIDATE,1
2,21:14,21:16,SHORT_NO_TRADE_OR_DATA_GAP_CANDIDATE,1
2,21:15,21:17,SHORT_NO_TRADE_OR_DATA_GAP_CANDIDATE,1
2,21:18,21:20,SHORT_NO_TRADE_OR_DATA_GAP_CANDIDATE,1
2,21:24,21:26,SHORT_NO_TRADE_OR_DATA_GAP_CANDIDATE,1
2,21:29,21:31,SHORT_NO_TRADE_OR_DATA_GAP_CANDIDATE,1
2,21:30,21:32,SHORT_NO_TRADE_OR_DATA_GAP_CANDIDATE,1
2,21:31,21:33,SHORT_NO_TRADE_OR_DATA_GAP_CANDIDATE,1
2,21:33,21:35,SHORT_NO_TRADE_OR_DATA_GAP_CANDIDATE,1
2,21:35,21:37,SHORT_NO_TRADE_OR_DATA_GAP_CANDIDATE,1
2,21:41,21:43,SHORT_NO_TRADE_OR_DATA_GAP_CANDIDATE,1
2,21:44,21:46,SHORT_NO_TRADE_OR_DATA_GAP_CANDIDATE,1
2,22:02,22:04,SHORT_NO_TRADE_OR_DATA_GAP_CANDIDATE,1
3,00:00,00:03,SHORT_NO_TRADE_OR_DATA_GAP_CANDIDATE,1
3,00:11,00:14,SHORT_NO_TRADE_OR_DATA_GAP_CANDIDATE,1
3,00:14,00:17,SHORT_NO_TRADE_OR_DATA_GAP_CANDIDATE,1
3,00:18,00:21,SHORT_NO_TRADE_OR_DATA_GAP_CANDIDATE,1
3,00:19,00:22,SHORT_NO_TRADE_OR_DATA_GAP_CANDIDATE,1
3,00:26,00:29,SHORT_NO_TRADE_OR_DATA_GAP_CANDIDATE,1
3,00:29,00:32,SHORT_NO_TRADE_OR_DATA_GAP_CANDIDATE,1
3,00:34,00:37,SHORT_NO_TRADE_OR_DATA_GAP_CANDIDATE,1
3,00:35,00:38,SHORT_NO_TRADE_OR_DATA_GAP_CANDIDATE,1
3,00:38,00:41,SHORT_NO_TRADE_OR_DATA_GAP_CANDIDATE,1
3,00:39,00:42,SHORT_NO_TRADE_OR_DATA_GAP_CANDIDATE,1
3,01:01,01:04,SHORT_NO_TRADE_OR_DATA_GAP_CANDIDATE,1
3,01:02,01:05,SHORT_NO_TRADE_OR_DATA_GAP_CANDIDATE,1
3,01:06,01:09,SHORT_NO_TRADE_OR_DATA_GAP_CANDIDATE,1
3,01:08,01:11,SHORT_NO_TRADE_OR_DATA_GAP_CANDIDATE,1
3,01:11,01:14,SHORT_NO_TRADE_OR_DATA_GAP_CANDIDATE,1
3,01:13,01:16,SHORT_NO_TRADE_OR_DATA_GAP_CANDIDATE,1
3,01:14,01:17,SHORT_NO_TRADE_OR_DATA_GAP_CANDIDATE,1
3,01:15,01:18,SHORT_NO_TRADE_OR_DATA_GAP_CANDIDATE,1
3,01:19,01:22,SHORT_NO_TRADE_OR_DATA_GAP_CANDIDATE,1
3,01:21,01:24,SHORT_NO_TRADE_OR_DATA_GAP_CANDIDATE,1
3,01:29,01:32,SHORT_NO_TRADE_OR_DATA_GAP_CANDIDATE,1
3,01:30,01:33,SHORT_NO_TRADE_OR_DATA_GAP_CANDIDATE,1
3,01:34,01:37,SHORT_NO_TRADE_OR_DATA_GAP_CANDIDATE,1
3,01:35,01:38,SHORT_NO_TRADE_OR_DATA_GAP_CANDIDATE,1
3,01:36,01:39,SHORT_NO_TRADE_OR_DATA_GAP_CANDIDATE,1
3,01:45,01:48,SHORT_NO_TRADE_OR_DATA_GAP_CANDIDATE,1
3,01:47,01:50,SHORT_NO_TRADE_OR_DATA_GAP_CANDIDATE,1
3,01:48,01:51,SHORT_NO_TRADE_OR_DATA_GAP_CANDIDATE,1
3,01:52,01:55,SHORT_NO_TRADE_OR_DATA_GAP_CANDIDATE,1
3,01:53,01:56,SHORT_NO_TRADE_OR_DATA_GAP_CANDIDATE,1
3,01:55,01:58,SHORT_NO_TRADE_OR_DATA_GAP_CANDIDATE,1
3,02:09,02:12,SHORT_NO_TRADE_OR_DATA_GAP_CANDIDATE,1
3,02:10,02:13,SHORT_NO_TRADE_OR_DATA_GAP_CANDIDATE,1
3,02:12,02:15,SHORT_NO_TRADE_OR_DATA_GAP_CANDIDATE,1
3,02:14,02:17,SHORT_NO_TRADE_OR_DATA_GAP_CANDIDATE,1
3,02:19,02:22,SHORT_NO_TRADE_OR_DATA_GAP_CANDIDATE,1
3,02:21,02:24,SHORT_NO_TRADE_OR_DATA_GAP_CANDIDATE,1
3,02:22,02:25,SHORT_NO_TRADE_OR_DATA_GAP_CANDIDATE,1
3,02:24,02:27,SHORT_NO_TRADE_OR_DATA_GAP_CANDIDATE,1
3,02:31,02:34,SHORT_NO_TRADE_OR_DATA_GAP_CANDIDATE,1
3,02:33,02:36,SHORT_NO_TRADE_OR_DATA_GAP_CANDIDATE,1
3,02:41,02:44,SHORT_NO_TRADE_OR_DATA_GAP_CANDIDATE,1
3,02:45,02:48,SHORT_NO_TRADE_OR_DATA_GAP_CANDIDATE,1
3,02:47,02:50,SHORT_NO_TRADE_OR_DATA_GAP_CANDIDATE,1
3,02:52,02:55,SHORT_NO_TRADE_OR_DATA_GAP_CANDIDATE,1
3,02:53,02:56,SHORT_NO_TRADE_OR_DATA_GAP_CANDIDATE,1
3,02:54,02:57,SHORT_NO_TRADE_OR_DATA_GAP_CANDIDATE,1
3,03:00,03:03,SHORT_NO_TRADE_OR_DATA_GAP_CANDIDATE,1
3,03:01,03:04,SHORT_NO_TRADE_OR_DATA_GAP_CANDIDATE,1
3,03:02,03:05,SHORT_NO_TRADE_OR_DATA_GAP_CANDIDATE,1
3,03:22,03:25,SHORT_NO_TRADE_OR_DATA_GAP_CANDIDATE,1
3,03:27,03:30,SHORT_NO_TRADE_OR_DATA_GAP_CANDIDATE,1
3,03:35,03:38,SHORT_NO_TRADE_OR_DATA_GAP_CANDIDATE,1
3,03:38,03:41,SHORT_NO_TRADE_OR_DATA_GAP_CANDIDATE,1
3,03:39,03:42,SHORT_NO_TRADE_OR_DATA_GAP_CANDIDATE,1
3,03:45,03:48,SHORT_NO_TRADE_OR_DATA_GAP_CANDIDATE,1
3,03:47,03:50,SHORT_NO_TRADE_OR_DATA_GAP_CANDIDATE,1
3,04:02,04:05,SHORT_NO_TRADE_OR_DATA_GAP_CANDIDATE,1
3,04:05,04:08,SHORT_NO_TRADE_OR_DATA_GAP_CANDIDATE,1
3,04:08,04:11,SHORT_NO_TRADE_OR_DATA_GAP_CANDIDATE,1
3,04:14,04:17,SHORT_NO_TRADE_OR_DATA_GAP_CANDIDATE,1
3,04:25,04:28,SHORT_NO_TRADE_OR_DATA_GAP_CANDIDATE,1
3,04:27,04:30,SHORT_NO_TRADE_OR_DATA_GAP_CANDIDATE,1
3,04:33,04:36,SHORT_NO_TRADE_OR_DATA_GAP_CANDIDATE,1
3,04:36,04:39,SHORT_NO_TRADE_OR_DATA_GAP_CANDIDATE,1
3,04:41,04:44,SHORT_NO_TRADE_OR_DATA_GAP_CANDIDATE,1
3,04:42,04:45,SHORT_NO_TRADE_OR_DATA_GAP_CANDIDATE,1
3,04:45,04:48,SHORT_NO_TRADE_OR_DATA_GAP_CANDIDATE,1
3,04:59,05:02,SHORT_NO_TRADE_OR_DATA_GAP_CANDIDATE,1
3,05:04,05:07,SHORT_NO_TRADE_OR_DATA_GAP_CANDIDATE,1
3,05:05,05:08,SHORT_NO_TRADE_OR_DATA_GAP_CANDIDATE,1
3,05:07,05:10,SHORT_NO_TRADE_OR_DATA_GAP_CANDIDATE,1
3,05:08,05:11,SHORT_NO_TRADE_OR_DATA_GAP_CANDIDATE,1
3,05:11,05:14,SHORT_NO_TRADE_OR_DATA_GAP_CANDIDATE,1
3,05:15,05:18,SHORT_NO_TRADE_OR_DATA_GAP_CANDIDATE,1
3,05:19,05:22,SHORT_NO_TRADE_OR_DATA_GAP_CANDIDATE,1
3,05:27,05:30,SHORT_NO_TRADE_OR_DATA_GAP_CANDIDATE,1
3,05:32,05:35,SHORT_NO_TRADE_OR_DATA_GAP_CANDIDATE,1
3,05:37,05:40,SHORT_NO_TRADE_OR_DATA_GAP_CANDIDATE,1
3,05:43,05:46,SHORT_NO_TRADE_OR_DATA_GAP_CANDIDATE,1
3,05:46,05:49,SHORT_NO_TRADE_OR_DATA_GAP_CANDIDATE,1
3,05:50,05:53,SHORT_NO_TRADE_OR_DATA_GAP_CANDIDATE,1
3,05:56,05:59,SHORT_NO_TRADE_OR_DATA_GAP_CANDIDATE,1
3,05:58,06:01,SHORT_NO_TRADE_OR_DATA_GAP_CANDIDATE,1
3,05:59,06:02,SHORT_NO_TRADE_OR_DATA_GAP_CANDIDATE,1
3,06:05,06:08,SHORT_NO_TRADE_OR_DATA_GAP_CANDIDATE,1
3,06:08,06:11,SHORT_NO_TRADE_OR_DATA_GAP_CANDIDATE,1
3,06:10,06:13,SHORT_NO_TRADE_OR_DATA_GAP_CANDIDATE,1
3,06:18,06:21,SHORT_NO_TRADE_OR_DATA_GAP_CANDIDATE,1
3,06:21,06:24,SHORT_NO_TRADE_OR_DATA_GAP_CANDIDATE,1
3,06:30,06:33,SHORT_NO_TRADE_OR_DATA_GAP_CANDIDATE,1
3,06:34,06:37,SHORT_NO_TRADE_OR_DATA_GAP_CANDIDATE,1
3,06:38,06:41,SHORT_NO_TRADE_OR_DATA_GAP_CANDIDATE,1
3,06:39,06:42,SHORT_NO_TRADE_OR_DATA_GAP_CANDIDATE,1
3,06:41,06:44,SHORT_NO_TRADE_OR_DATA_GAP_CANDIDATE,1
3,06:47,06:50,SHORT_NO_TRADE_OR_DATA_GAP_CANDIDATE,1
3,06:50,06:53,SHORT_NO_TRADE_OR_DATA_GAP_CANDIDATE,1
3,06:52,06:55,SHORT_NO_TRADE_OR_DATA_GAP_CANDIDATE,1
3,06:56,06:59,SHORT_NO_TRADE_OR_DATA_GAP_CANDIDATE,1
3,07:07,07:10,SHORT_NO_TRADE_OR_DATA_GAP_CANDIDATE,1
3,07:09,07:12,SHORT_NO_TRADE_OR_DATA_GAP_CANDIDATE,1
3,07:19,07:22,SHORT_NO_TRADE_OR_DATA_GAP_CANDIDATE,1
3,07:23,07:26,SHORT_NO_TRADE_OR_DATA_GAP_CANDIDATE,1
3,07:24,07:27,SHORT_NO_TRADE_OR_DATA_GAP_CANDIDATE,1
3,07:40,07:43,SHORT_NO_TRADE_OR_DATA_GAP_CANDIDATE,1
3,07:42,07:45,SHORT_NO_TRADE_OR_DATA_GAP_CANDIDATE,1
3,07:45,07:48,SHORT_NO_TRADE_OR_DATA_GAP_CANDIDATE,1
3,07:48,07:51,SHORT_NO_TRADE_OR_DATA_GAP_CANDIDATE,1
3,07:56,07:59,SHORT_NO_TRADE_OR_DATA_GAP_CANDIDATE,1
3,08:01,08:04,SHORT_NO_TRADE_OR_DATA_GAP_CANDIDATE,1
3,08:03,08:06,SHORT_NO_TRADE_OR_DATA_GAP_CANDIDATE,1
3,08:05,08:08,SHORT_NO_TRADE_OR_DATA_GAP_CANDIDATE,1
3,08:15,08:18,SHORT_NO_TRADE_OR_DATA_GAP_CANDIDATE,1
3,08:16,08:19,SHORT_NO_TRADE_OR_DATA_GAP_CANDIDATE,1
3,08:38,08:41,SHORT_NO_TRADE_OR_DATA_GAP_CANDIDATE,1
3,08:41,08:44,SHORT_NO_TRADE_OR_DATA_GAP_CANDIDATE,1
3,08:43,08:46,SHORT_NO_TRADE_OR_DATA_GAP_CANDIDATE,1
3,08:44,08:47,SHORT_NO_TRADE_OR_DATA_GAP_CANDIDATE,1
3,08:48,08:51,SHORT_NO_TRADE_OR_DATA_GAP_CANDIDATE,1
3,09:11,09:14,SHORT_NO_TRADE_OR_DATA_GAP_CANDIDATE,1
3,09:15,09:18,SHORT_NO_TRADE_OR_DATA_GAP_CANDIDATE,1
3,11:45,11:48,SHORT_NO_TRADE_OR_DATA_GAP_CANDIDATE,1
3,12:11,12:14,SHORT_NO_TRADE_OR_DATA_GAP_CANDIDATE,1
3,18:13,18:16,SHORT_NO_TRADE_OR_DATA_GAP_CANDIDATE,1
3,18:22,18:25,SHORT_NO_TRADE_OR_DATA_GAP_CANDIDATE,1
3,18:25,18:28,SHORT_NO_TRADE_OR_DATA_GAP_CANDIDATE,1
3,18:28,18:31,SHORT_NO_TRADE_OR_DATA_GAP_CANDIDATE,1
3,18:29,18:32,SHORT_NO_TRADE_OR_DATA_GAP_CANDIDATE,1
3,18:36,18:39,SHORT_NO_TRADE_OR_DATA_GAP_CANDIDATE,1
3,18:38,18:41,SHORT_NO_TRADE_OR_DATA_GAP_CANDIDATE,1
3,18:40,18:43,SHORT_NO_TRADE_OR_DATA_GAP_CANDIDATE,1
3,18:42,18:45,SHORT_NO_TRADE_OR_DATA_GAP_CANDIDATE,1
3,18:44,18:47,SHORT_NO_TRADE_OR_DATA_GAP_CANDIDATE,1
3,18:46,18:49,SHORT_NO_TRADE_OR_DATA_GAP_CANDIDATE,1
3,18:50,18:53,SHORT_NO_TRADE_OR_DATA_GAP_CANDIDATE,1
3,18:54,18:57,SHORT_NO_TRADE_OR_DATA_GAP_CANDIDATE,1
3,18:56,18:59,SHORT_NO_TRADE_OR_DATA_GAP_CANDIDATE,1
3,18:57,19:00,SHORT_NO_TRADE_OR_DATA_GAP_CANDIDATE,1
3,18:59,19:02,SHORT_NO_TRADE_OR_DATA_GAP_CANDIDATE,1
3,19:01,19:04,SHORT_NO_TRADE_OR_DATA_GAP_CANDIDATE,1
3,19:02,19:05,SHORT_NO_TRADE_OR_DATA_GAP_CANDIDATE,1
3,19:03,19:06,SHORT_NO_TRADE_OR_DATA_GAP_CANDIDATE,1
3,19:04,19:07,SHORT_NO_TRADE_OR_DATA_GAP_CANDIDATE,1
3,19:05,19:08,SHORT_NO_TRADE_OR_DATA_GAP_CANDIDATE,1
3,19:06,19:09,SHORT_NO_TRADE_OR_DATA_GAP_CANDIDATE,1
3,19:09,19:12,SHORT_NO_TRADE_OR_DATA_GAP_CANDIDATE,1
3,19:11,19:14,SHORT_NO_TRADE_OR_DATA_GAP_CANDIDATE,1
3,19:14,19:17,SHORT_NO_TRADE_OR_DATA_GAP_CANDIDATE,1
3,19:20,19:23,SHORT_NO_TRADE_OR_DATA_GAP_CANDIDATE,1
3,19:27,19:30,SHORT_NO_TRADE_OR_DATA_GAP_CANDIDATE,1
3,19:28,19:31,SHORT_NO_TRADE_OR_DATA_GAP_CANDIDATE,1
3,19:33,19:36,SHORT_NO_TRADE_OR_DATA_GAP_CANDIDATE,1
3,19:34,19:37,SHORT_NO_TRADE_OR_DATA_GAP_CANDIDATE,1
3,19:36,19:39,SHORT_NO_TRADE_OR_DATA_GAP_CANDIDATE,1
3,19:37,19:40,SHORT_NO_TRADE_OR_DATA_GAP_CANDIDATE,1
3,19:45,19:48,SHORT_NO_TRADE_OR_DATA_GAP_CANDIDATE,1
3,19:48,19:51,SHORT_NO_TRADE_OR_DATA_GAP_CANDIDATE,1
3,19:51,19:54,SHORT_NO_TRADE_OR_DATA_GAP_CANDIDATE,1
3,19:52,19:55,SHORT_NO_TRADE_OR_DATA_GAP_CANDIDATE,1
3,19:54,19:57,SHORT_NO_TRADE_OR_DATA_GAP_CANDIDATE,1
3,19:55,19:58,SHORT_NO_TRADE_OR_DATA_GAP_CANDIDATE,1
3,19:56,19:59,SHORT_NO_TRADE_OR_DATA_GAP_CANDIDATE,1
3,19:57,20:00,SHORT_NO_TRADE_OR_DATA_GAP_CANDIDATE,1
3,20:05,20:08,SHORT_NO_TRADE_OR_DATA_GAP_CANDIDATE,1
3,20:11,20:14,SHORT_NO_TRADE_OR_DATA_GAP_CANDIDATE,1
3,20:12,20:15,SHORT_NO_TRADE_OR_DATA_GAP_CANDIDATE,1
3,20:20,20:23,SHORT_NO_TRADE_OR_DATA_GAP_CANDIDATE,1
3,20:25,20:28,SHORT_NO_TRADE_OR_DATA_GAP_CANDIDATE,1
3,20:41,20:44,SHORT_NO_TRADE_OR_DATA_GAP_CANDIDATE,1
3,20:44,20:47,SHORT_NO_TRADE_OR_DATA_GAP_CANDIDATE,1
3,20:45,20:48,SHORT_NO_TRADE_OR_DATA_GAP_CANDIDATE,1
3,20:51,20:54,SHORT_NO_TRADE_OR_DATA_GAP_CANDIDATE,1
3,20:58,21:01,SHORT_NO_TRADE_OR_DATA_GAP_CANDIDATE,1
3,21:04,21:07,SHORT_NO_TRADE_OR_DATA_GAP_CANDIDATE,1
3,21:09,21:12,SHORT_NO_TRADE_OR_DATA_GAP_CANDIDATE,1
3,21:20,21:23,SHORT_NO_TRADE_OR_DATA_GAP_CANDIDATE,1
3,21:28,21:31,SHORT_NO_TRADE_OR_DATA_GAP_CANDIDATE,1
3,21:34,21:37,SHORT_NO_TRADE_OR_DATA_GAP_CANDIDATE,1
3,21:37,21:40,SHORT_NO_TRADE_OR_DATA_GAP_CANDIDATE,1
3,21:46,21:49,SHORT_NO_TRADE_OR_DATA_GAP_CANDIDATE,1
3,21:47,21:50,SHORT_NO_TRADE_OR_DATA_GAP_CANDIDATE,1
3,21:49,21:52,SHORT_NO_TRADE_OR_DATA_GAP_CANDIDATE,1
3,21:51,21:54,SHORT_NO_TRADE_OR_DATA_GAP_CANDIDATE,1
3,21:52,21:55,SHORT_NO_TRADE_OR_DATA_GAP_CANDIDATE,1
3,21:56,21:59,SHORT_NO_TRADE_OR_DATA_GAP_CANDIDATE,1
3,21:57,22:00,SHORT_NO_TRADE_OR_DATA_GAP_CANDIDATE,1
3,22:06,22:09,SHORT_NO_TRADE_OR_DATA_GAP_CANDIDATE,1
3,22:08,22:11,SHORT_NO_TRADE_OR_DATA_GAP_CANDIDATE,1
3,22:13,22:16,SHORT_NO_TRADE_OR_DATA_GAP_CANDIDATE,1
3,22:24,22:27,SHORT_NO_TRADE_OR_DATA_GAP_CANDIDATE,1
3,22:27,22:30,SHORT_NO_TRADE_OR_DATA_GAP_CANDIDATE,1
3,22:28,22:31,SHORT_NO_TRADE_OR_DATA_GAP_CANDIDATE,1
3,22:30,22:33,SHORT_NO_TRADE_OR_DATA_GAP_CANDIDATE,1
3,22:31,22:34,SHORT_NO_TRADE_OR_DATA_GAP_CANDIDATE,1
3,22:36,22:39,SHORT_NO_TRADE_OR_DATA_GAP_CANDIDATE,1
3,22:37,22:40,SHORT_NO_TRADE_OR_DATA_GAP_CANDIDATE,1
3,22:38,22:41,SHORT_NO_TRADE_OR_DATA_GAP_CANDIDATE,1
3,22:39,22:42,SHORT_NO_TRADE_OR_DATA_GAP_CANDIDATE,1
3,22:40,22:43,SHORT_NO_TRADE_OR_DATA_GAP_CANDIDATE,1
3,22:44,22:47,SHORT_NO_TRADE_OR_DATA_GAP_CANDIDATE,1
3,22:45,22:48,SHORT_NO_TRADE_OR_DATA_GAP_CANDIDATE,1
3,22:47,22:50,SHORT_NO_TRADE_OR_DATA_GAP_CANDIDATE,1
3,22:48,22:51,SHORT_NO_TRADE_OR_DATA_GAP_CANDIDATE,1
3,22:49,22:52,SHORT_NO_TRADE_OR_DATA_GAP_CANDIDATE,1
3,22:51,22:54,SHORT_NO_TRADE_OR_DATA_GAP_CANDIDATE,1
3,22:52,22:55,SHORT_NO_TRADE_OR_DATA_GAP_CANDIDATE,1
3,22:53,22:56,SHORT_NO_TRADE_OR_DATA_GAP_CANDIDATE,1
3,22:54,22:57,SHORT_NO_TRADE_OR_DATA_GAP_CANDIDATE,1
3,22:55,22:58,SHORT_NO_TRADE_OR_DATA_GAP_CANDIDATE,1
3,22:57,23:00,SHORT_NO_TRADE_OR_DATA_GAP_CANDIDATE,1
3,23:01,23:04,SHORT_NO_TRADE_OR_DATA_GAP_CANDIDATE,1
3,23:02,23:05,SHORT_NO_TRADE_OR_DATA_GAP_CANDIDATE,1
3,23:03,23:06,SHORT_NO_TRADE_OR_DATA_GAP_CANDIDATE,1
3,23:07,23:10,SHORT_NO_TRADE_OR_DATA_GAP_CANDIDATE,1
3,23:13,23:16,SHORT_NO_TRADE_OR_DATA_GAP_CANDIDATE,1
3,23:15,23:18,SHORT_NO_TRADE_OR_DATA_GAP_CANDIDATE,1
3,23:21,23:24,SHORT_NO_TRADE_OR_DATA_GAP_CANDIDATE,1
3,23:26,23:29,SHORT_NO_TRADE_OR_DATA_GAP_CANDIDATE,1
3,23:28,23:31,SHORT_NO_TRADE_OR_DATA_GAP_CANDIDATE,1
3,23:30,23:33,SHORT_NO_TRADE_OR_DATA_GAP_CANDIDATE,1
3,23:31,23:34,SHORT_NO_TRADE_OR_DATA_GAP_CANDIDATE,1
3,23:35,23:38,SHORT_NO_TRADE_OR_DATA_GAP_CANDIDATE,1
3,23:39,23:42,SHORT_NO_TRADE_OR_DATA_GAP_CANDIDATE,1
3,23:41,23:44,SHORT_NO_TRADE_OR_DATA_GAP_CANDIDATE,1
3,23:42,23:45,SHORT_NO_TRADE_OR_DATA_GAP_CANDIDATE,1
3,23:46,23:49,SHORT_NO_TRADE_OR_DATA_GAP_CANDIDATE,1
3,23:51,23:54,SHORT_NO_TRADE_OR_DATA_GAP_CANDIDATE,1
3,23:53,23:56,SHORT_NO_TRADE_OR_DATA_GAP_CANDIDATE,1
3,23:55,23:58,SHORT_NO_TRADE_OR_DATA_GAP_CANDIDATE,1
3,23:56,23:59,SHORT_NO_TRADE_OR_DATA_GAP_CANDIDATE,1
3,23:59,00:02,SHORT_NO_TRADE_OR_DATA_GAP_CANDIDATE,1
4,00:01,00:05,SHORT_NO_TRADE_OR_DATA_GAP_CANDIDATE,1
4,00:07,00:11,SHORT_NO_TRADE_OR_DATA_GAP_CANDIDATE,1
4,00:08,00:12,SHORT_NO_TRADE_OR_DATA_GAP_CANDIDATE,1
4,00:11,00:15,SHORT_NO_TRADE_OR_DATA_GAP_CANDIDATE,1
4,00:13,00:17,SHORT_NO_TRADE_OR_DATA_GAP_CANDIDATE,1
4,00:19,00:23,SHORT_NO_TRADE_OR_DATA_GAP_CANDIDATE,1
4,00:23,00:27,SHORT_NO_TRADE_OR_DATA_GAP_CANDIDATE,1
4,00:24,00:28,SHORT_NO_TRADE_OR_DATA_GAP_CANDIDATE,1
4,00:30,00:34,SHORT_NO_TRADE_OR_DATA_GAP_CANDIDATE,1
4,00:36,00:40,SHORT_NO_TRADE_OR_DATA_GAP_CANDIDATE,1
4,00:37,00:41,SHORT_NO_TRADE_OR_DATA_GAP_CANDIDATE,1
4,00:44,00:48,SHORT_NO_TRADE_OR_DATA_GAP_CANDIDATE,1
4,00:47,00:51,SHORT_NO_TRADE_OR_DATA_GAP_CANDIDATE,1
4,00:54,00:58,SHORT_NO_TRADE_OR_DATA_GAP_CANDIDATE,1
4,00:56,01:00,SHORT_NO_TRADE_OR_DATA_GAP_CANDIDATE,1
4,01:06,01:10,SHORT_NO_TRADE_OR_DATA_GAP_CANDIDATE,1
4,01:09,01:13,SHORT_NO_TRADE_OR_DATA_GAP_CANDIDATE,1
4,01:13,01:17,SHORT_NO_TRADE_OR_DATA_GAP_CANDIDATE,1
4,01:15,01:19,SHORT_NO_TRADE_OR_DATA_GAP_CANDIDATE,1
4,01:23,01:27,SHORT_NO_TRADE_OR_DATA_GAP_CANDIDATE,1
4,01:24,01:28,SHORT_NO_TRADE_OR_DATA_GAP_CANDIDATE,1
4,01:25,01:29,SHORT_NO_TRADE_OR_DATA_GAP_CANDIDATE,1
4,01:41,01:45,SHORT_NO_TRADE_OR_DATA_GAP_CANDIDATE,1
4,01:50,01:54,SHORT_NO_TRADE_OR_DATA_GAP_CANDIDATE,1
4,01:52,01:56,SHORT_NO_TRADE_OR_DATA_GAP_CANDIDATE,1
4,01:54,01:58,SHORT_NO_TRADE_OR_DATA_GAP_CANDIDATE,1
4,02:04,02:08,SHORT_NO_TRADE_OR_DATA_GAP_CANDIDATE,1
4,02:16,02:20,SHORT_NO_TRADE_OR_DATA_GAP_CANDIDATE,1
4,02:26,02:30,SHORT_NO_TRADE_OR_DATA_GAP_CANDIDATE,1
4,02:31,02:35,SHORT_NO_TRADE_OR_DATA_GAP_CANDIDATE,1
4,02:35,02:39,SHORT_NO_TRADE_OR_DATA_GAP_CANDIDATE,1
4,02:45,02:49,SHORT_NO_TRADE_OR_DATA_GAP_CANDIDATE,1
4,02:47,02:51,SHORT_NO_TRADE_OR_DATA_GAP_CANDIDATE,1
4,03:06,03:10,SHORT_NO_TRADE_OR_DATA_GAP_CANDIDATE,1
4,03:12,03:16,SHORT_NO_TRADE_OR_DATA_GAP_CANDIDATE,1
4,03:24,03:28,SHORT_NO_TRADE_OR_DATA_GAP_CANDIDATE,1
4,03:31,03:35,SHORT_NO_TRADE_OR_DATA_GAP_CANDIDATE,1
4,03:42,03:46,SHORT_NO_TRADE_OR_DATA_GAP_CANDIDATE,1
4,04:00,04:04,SHORT_NO_TRADE_OR_DATA_GAP_CANDIDATE,1
4,04:06,04:10,SHORT_NO_TRADE_OR_DATA_GAP_CANDIDATE,1
4,04:26,04:30,SHORT_NO_TRADE_OR_DATA_GAP_CANDIDATE,1
4,04:30,04:34,SHORT_NO_TRADE_OR_DATA_GAP_CANDIDATE,1
4,04:39,04:43,SHORT_NO_TRADE_OR_DATA_GAP_CANDIDATE,1
4,04:40,04:44,SHORT_NO_TRADE_OR_DATA_GAP_CANDIDATE,1
4,05:06,05:10,SHORT_NO_TRADE_OR_DATA_GAP_CANDIDATE,1
4,05:12,05:16,SHORT_NO_TRADE_OR_DATA_GAP_CANDIDATE,1
4,05:21,05:25,SHORT_NO_TRADE_OR_DATA_GAP_CANDIDATE,1
4,05:31,05:35,SHORT_NO_TRADE_OR_DATA_GAP_CANDIDATE,1
4,06:06,06:10,SHORT_NO_TRADE_OR_DATA_GAP_CANDIDATE,1
4,06:15,06:19,SHORT_NO_TRADE_OR_DATA_GAP_CANDIDATE,1
4,06:16,06:20,SHORT_NO_TRADE_OR_DATA_GAP_CANDIDATE,1
4,06:23,06:27,SHORT_NO_TRADE_OR_DATA_GAP_CANDIDATE,1
4,06:38,06:42,SHORT_NO_TRADE_OR_DATA_GAP_CANDIDATE,1
4,06:57,07:01,SHORT_NO_TRADE_OR_DATA_GAP_CANDIDATE,1
4,07:00,07:04,SHORT_NO_TRADE_OR_DATA_GAP_CANDIDATE,1
4,07:28,07:32,SHORT_NO_TRADE_OR_DATA_GAP_CANDIDATE,1
4,07:56,08:00,SHORT_NO_TRADE_OR_DATA_GAP_CANDIDATE,1
4,07:57,08:01,SHORT_NO_TRADE_OR_DATA_GAP_CANDIDATE,1
4,08:14,08:18,SHORT_NO_TRADE_OR_DATA_GAP_CANDIDATE,1
4,08:24,08:28,SHORT_NO_TRADE_OR_DATA_GAP_CANDIDATE,1
4,08:27,08:31,SHORT_NO_TRADE_OR_DATA_GAP_CANDIDATE,1
4,08:43,08:47,SHORT_NO_TRADE_OR_DATA_GAP_CANDIDATE,1
4,08:44,08:48,SHORT_NO_TRADE_OR_DATA_GAP_CANDIDATE,1
4,08:51,08:55,SHORT_NO_TRADE_OR_DATA_GAP_CANDIDATE,1
4,09:14,09:18,SHORT_NO_TRADE_OR_DATA_GAP_CANDIDATE,1
4,18:00,18:04,SHORT_NO_TRADE_OR_DATA_GAP_CANDIDATE,1
4,18:41,18:45,SHORT_NO_TRADE_OR_DATA_GAP_CANDIDATE,1
4,18:58,19:02,SHORT_NO_TRADE_OR_DATA_GAP_CANDIDATE,1
4,19:04,19:08,SHORT_NO_TRADE_OR_DATA_GAP_CANDIDATE,1
4,19:06,19:10,SHORT_NO_TRADE_OR_DATA_GAP_CANDIDATE,1
4,19:07,19:11,SHORT_NO_TRADE_OR_DATA_GAP_CANDIDATE,1
4,19:12,19:16,SHORT_NO_TRADE_OR_DATA_GAP_CANDIDATE,1
4,19:17,19:21,SHORT_NO_TRADE_OR_DATA_GAP_CANDIDATE,1
4,19:27,19:31,SHORT_NO_TRADE_OR_DATA_GAP_CANDIDATE,1
4,19:38,19:42,SHORT_NO_TRADE_OR_DATA_GAP_CANDIDATE,1
4,19:51,19:55,SHORT_NO_TRADE_OR_DATA_GAP_CANDIDATE,1
4,19:59,20:03,SHORT_NO_TRADE_OR_DATA_GAP_CANDIDATE,1
4,20:54,20:58,SHORT_NO_TRADE_OR_DATA_GAP_CANDIDATE,1
4,21:04,21:08,SHORT_NO_TRADE_OR_DATA_GAP_CANDIDATE,1
4,21:07,21:11,SHORT_NO_TRADE_OR_DATA_GAP_CANDIDATE,1
4,21:31,21:35,SHORT_NO_TRADE_OR_DATA_GAP_CANDIDATE,1
4,21:52,21:56,SHORT_NO_TRADE_OR_DATA_GAP_CANDIDATE,1
4,22:03,22:07,SHORT_NO_TRADE_OR_DATA_GAP_CANDIDATE,1
4,22:46,22:50,SHORT_NO_TRADE_OR_DATA_GAP_CANDIDATE,1
4,22:52,22:56,SHORT_NO_TRADE_OR_DATA_GAP_CANDIDATE,1
4,23:04,23:08,SHORT_NO_TRADE_OR_DATA_GAP_CANDIDATE,1
4,23:11,23:15,SHORT_NO_TRADE_OR_DATA_GAP_CANDIDATE,1
4,23:15,23:19,SHORT_NO_TRADE_OR_DATA_GAP_CANDIDATE,1
4,23:30,23:34,SHORT_NO_TRADE_OR_DATA_GAP_CANDIDATE,1
4,23:32,23:36,SHORT_NO_TRADE_OR_DATA_GAP_CANDIDATE,1
4,23:41,23:45,SHORT_NO_TRADE_OR_DATA_GAP_CANDIDATE,1
4,23:45,23:49,SHORT_NO_TRADE_OR_DATA_GAP_CANDIDATE,1
4,23:46,23:50,SHORT_NO_TRADE_OR_DATA_GAP_CANDIDATE,1
4,23:49,23:53,SHORT_NO_TRADE_OR_DATA_GAP_CANDIDATE,1
4,23:53,23:57,SHORT_NO_TRADE_OR_DATA_GAP_CANDIDATE,1
5,00:01,00:06,SHORT_NO_TRADE_OR_DATA_GAP_CANDIDATE,1
5,00:14,00:19,SHORT_NO_TRADE_OR_DATA_GAP_CANDIDATE,1
5,00:27,00:32,SHORT_NO_TRADE_OR_DATA_GAP_CANDIDATE,1
5,00:32,00:37,SHORT_NO_TRADE_OR_DATA_GAP_CANDIDATE,1
5,00:33,00:38,SHORT_NO_TRADE_OR_DATA_GAP_CANDIDATE,1
5,00:34,00:39,SHORT_NO_TRADE_OR_DATA_GAP_CANDIDATE,1
5,00:44,00:49,SHORT_NO_TRADE_OR_DATA_GAP_CANDIDATE,1
5,00:47,00:52,SHORT_NO_TRADE_OR_DATA_GAP_CANDIDATE,1
5,00:48,00:53,SHORT_NO_TRADE_OR_DATA_GAP_CANDIDATE,1
5,00:57,01:02,SHORT_NO_TRADE_OR_DATA_GAP_CANDIDATE,1
5,01:02,01:07,SHORT_NO_TRADE_OR_DATA_GAP_CANDIDATE,1
5,01:10,01:15,SHORT_NO_TRADE_OR_DATA_GAP_CANDIDATE,1
5,01:17,01:22,SHORT_NO_TRADE_OR_DATA_GAP_CANDIDATE,1
5,01:35,01:40,SHORT_NO_TRADE_OR_DATA_GAP_CANDIDATE,1
5,01:43,01:48,SHORT_NO_TRADE_OR_DATA_GAP_CANDIDATE,1
5,01:45,01:50,SHORT_NO_TRADE_OR_DATA_GAP_CANDIDATE,1
5,01:50,01:55,SHORT_NO_TRADE_OR_DATA_GAP_CANDIDATE,1
5,02:10,02:15,SHORT_NO_TRADE_OR_DATA_GAP_CANDIDATE,1
5,02:12,02:17,SHORT_NO_TRADE_OR_DATA_GAP_CANDIDATE,1
5,03:12,03:17,SHORT_NO_TRADE_OR_DATA_GAP_CANDIDATE,1
5,03:20,03:25,SHORT_NO_TRADE_OR_DATA_GAP_CANDIDATE,1
5,03:49,03:54,SHORT_NO_TRADE_OR_DATA_GAP_CANDIDATE,1
5,03:51,03:56,SHORT_NO_TRADE_OR_DATA_GAP_CANDIDATE,1
5,04:28,04:33,SHORT_NO_TRADE_OR_DATA_GAP_CANDIDATE,1
5,04:49,04:54,SHORT_NO_TRADE_OR_DATA_GAP_CANDIDATE,1
5,04:50,04:55,SHORT_NO_TRADE_OR_DATA_GAP_CANDIDATE,1
5,05:55,06:00,SHORT_NO_TRADE_OR_DATA_GAP_CANDIDATE,1
5,06:08,06:13,SHORT_NO_TRADE_OR_DATA_GAP_CANDIDATE,1
5,06:11,06:16,SHORT_NO_TRADE_OR_DATA_GAP_CANDIDATE,1
5,06:12,06:17,SHORT_NO_TRADE_OR_DATA_GAP_CANDIDATE,1
5,06:19,06:24,SHORT_NO_TRADE_OR_DATA_GAP_CANDIDATE,1
5,06:55,07:00,SHORT_NO_TRADE_OR_DATA_GAP_CANDIDATE,1
5,07:18,07:23,SHORT_NO_TRADE_OR_DATA_GAP_CANDIDATE,1
5,07:52,07:57,SHORT_NO_TRADE_OR_DATA_GAP_CANDIDATE,1
5,08:13,08:18,SHORT_NO_TRADE_OR_DATA_GAP_CANDIDATE,1
5,08:47,08:52,SHORT_NO_TRADE_OR_DATA_GAP_CANDIDATE,1
5,08:54,08:59,SHORT_NO_TRADE_OR_DATA_GAP_CANDIDATE,1
5,09:06,09:11,SHORT_NO_TRADE_OR_DATA_GAP_CANDIDATE,1
5,09:14,09:19,SHORT_NO_TRADE_OR_DATA_GAP_CANDIDATE,1
5,09:18,09:23,SHORT_NO_TRADE_OR_DATA_GAP_CANDIDATE,1
5,12:06,12:11,SHORT_NO_TRADE_OR_DATA_GAP_CANDIDATE,1
5,19:12,19:17,SHORT_NO_TRADE_OR_DATA_GAP_CANDIDATE,1
5,19:25,19:30,SHORT_NO_TRADE_OR_DATA_GAP_CANDIDATE,1
5,20:15,20:20,SHORT_NO_TRADE_OR_DATA_GAP_CANDIDATE,1
5,20:39,20:44,SHORT_NO_TRADE_OR_DATA_GAP_CANDIDATE,1
5,21:41,21:46,SHORT_NO_TRADE_OR_DATA_GAP_CANDIDATE,1
5,22:06,22:11,SHORT_NO_TRADE_OR_DATA_GAP_CANDIDATE,1
5,22:32,22:37,SHORT_NO_TRADE_OR_DATA_GAP_CANDIDATE,1
5,23:09,23:14,SHORT_NO_TRADE_OR_DATA_GAP_CANDIDATE,1
5,23:10,23:15,SHORT_NO_TRADE_OR_DATA_GAP_CANDIDATE,1
5,23:11,23:16,SHORT_NO_TRADE_OR_DATA_GAP_CANDIDATE,1
5,23:14,23:19,SHORT_NO_TRADE_OR_DATA_GAP_CANDIDATE,1
5,23:21,23:26,SHORT_NO_TRADE_OR_DATA_GAP_CANDIDATE,1
5,23:31,23:36,SHORT_NO_TRADE_OR_DATA_GAP_CANDIDATE,1
5,23:39,23:44,SHORT_NO_TRADE_OR_DATA_GAP_CANDIDATE,1
5,23:50,23:55,SHORT_NO_TRADE_OR_DATA_GAP_CANDIDATE,1
5,23:51,23:56,SHORT_NO_TRADE_OR_DATA_GAP_CANDIDATE,1
5,23:55,00:00,SHORT_NO_TRADE_OR_DATA_GAP_CANDIDATE,1
6,01:18,01:24,SHORT_NO_TRADE_OR_DATA_GAP_CANDIDATE,1
6,01:27,01:33,SHORT_NO_TRADE_OR_DATA_GAP_CANDIDATE,1
6,01:28,01:34,SHORT_NO_TRADE_OR_DATA_GAP_CANDIDATE,1
6,01:51,01:57,SHORT_NO_TRADE_OR_DATA_GAP_CANDIDATE,1
6,02:20,02:26,SHORT_NO_TRADE_OR_DATA_GAP_CANDIDATE,1
6,02:35,02:41,SHORT_NO_TRADE_OR_DATA_GAP_CANDIDATE,1
6,03:00,03:06,SHORT_NO_TRADE_OR_DATA_GAP_CANDIDATE,1
6,03:35,03:41,SHORT_NO_TRADE_OR_DATA_GAP_CANDIDATE,1
6,03:37,03:43,SHORT_NO_TRADE_OR_DATA_GAP_CANDIDATE,1
6,05:00,05:06,SHORT_NO_TRADE_OR_DATA_GAP_CANDIDATE,1
6,05:12,05:18,SHORT_NO_TRADE_OR_DATA_GAP_CANDIDATE,1
6,06:00,06:06,SHORT_NO_TRADE_OR_DATA_GAP_CANDIDATE,1
6,06:29,06:35,SHORT_NO_TRADE_OR_DATA_GAP_CANDIDATE,1
6,07:39,07:45,SHORT_NO_TRADE_OR_DATA_GAP_CANDIDATE,1
6,08:32,08:38,SHORT_NO_TRADE_OR_DATA_GAP_CANDIDATE,1
6,08:35,08:41,SHORT_NO_TRADE_OR_DATA_GAP_CANDIDATE,1
6,08:48,08:54,SHORT_NO_TRADE_OR_DATA_GAP_CANDIDATE,1
6,08:56,09:02,SHORT_NO_TRADE_OR_DATA_GAP_CANDIDATE,1
6,19:17,19:23,SHORT_NO_TRADE_OR_DATA_GAP_CANDIDATE,1
6,20:30,20:36,SHORT_NO_TRADE_OR_DATA_GAP_CANDIDATE,1
6,20:59,21:05,SHORT_NO_TRADE_OR_DATA_GAP_CANDIDATE,1
6,21:45,21:51,SHORT_NO_TRADE_OR_DATA_GAP_CANDIDATE,1
6,22:14,22:20,SHORT_NO_TRADE_OR_DATA_GAP_CANDIDATE,1
6,22:45,22:51,SHORT_NO_TRADE_OR_DATA_GAP_CANDIDATE,1
6,22:48,22:54,SHORT_NO_TRADE_OR_DATA_GAP_CANDIDATE,1
6,22:54,23:00,SHORT_NO_TRADE_OR_DATA_GAP_CANDIDATE,1
6,23:08,23:14,SHORT_NO_TRADE_OR_DATA_GAP_CANDIDATE,1
6,23:29,23:35,SHORT_NO_TRADE_OR_DATA_GAP_CANDIDATE,1
6,23:51,23:57,SHORT_NO_TRADE_OR_DATA_GAP_CANDIDATE,1
7,00:24,00:31,SHORT_NO_TRADE_OR_DATA_GAP_CANDIDATE,1
7,00:25,00:32,SHORT_NO_TRADE_OR_DATA_GAP_CANDIDATE,1
7,00:45,00:52,SHORT_NO_TRADE_OR_DATA_GAP_CANDIDATE,1
7,01:05,01:12,SHORT_NO_TRADE_OR_DATA_GAP_CANDIDATE,1
7,03:12,03:19,SHORT_NO_TRADE_OR_DATA_GAP_CANDIDATE,1
7,03:30,03:37,SHORT_NO_TRADE_OR_DATA_GAP_CANDIDATE,1
7,04:17,04:24,SHORT_NO_TRADE_OR_DATA_GAP_CANDIDATE,1
7,04:36,04:43,SHORT_NO_TRADE_OR_DATA_GAP_CANDIDATE,1
7,06:01,06:08,SHORT_NO_TRADE_OR_DATA_GAP_CANDIDATE,1
7,07:57,08:04,SHORT_NO_TRADE_OR_DATA_GAP_CANDIDATE,1
7,08:28,08:35,SHORT_NO_TRADE_OR_DATA_GAP_CANDIDATE,1
7,09:08,09:15,SHORT_NO_TRADE_OR_DATA_GAP_CANDIDATE,1
7,09:23,09:30,SHORT_NO_TRADE_OR_DATA_GAP_CANDIDATE,1
8,01:21,01:29,SHORT_NO_TRADE_OR_DATA_GAP_CANDIDATE,1
8,01:34,01:42,SHORT_NO_TRADE_OR_DATA_GAP_CANDIDATE,1
8,03:21,03:29,SHORT_NO_TRADE_OR_DATA_GAP_CANDIDATE,1
8,03:51,03:59,SHORT_NO_TRADE_OR_DATA_GAP_CANDIDATE,1
8,04:01,04:09,SHORT_NO_TRADE_OR_DATA_GAP_CANDIDATE,1
8,04:12,04:20,SHORT_NO_TRADE_OR_DATA_GAP_CANDIDATE,1
8,04:16,04:24,SHORT_NO_TRADE_OR_DATA_GAP_CANDIDATE,1
8,04:43,04:51,SHORT_NO_TRADE_OR_DATA_GAP_CANDIDATE,1
8,05:02,05:10,SHORT_NO_TRADE_OR_DATA_GAP_CANDIDATE,1
8,05:46,05:54,SHORT_NO_TRADE_OR_DATA_GAP_CANDIDATE,1
8,06:10,06:18,SHORT_NO_TRADE_OR_DATA_GAP_CANDIDATE,1
8,07:20,07:28,SHORT_NO_TRADE_OR_DATA_GAP_CANDIDATE,1
8,08:36,08:44,SHORT_NO_TRADE_OR_DATA_GAP_CANDIDATE,1
8,20:05,20:13,SHORT_NO_TRADE_OR_DATA_GAP_CANDIDATE,1
8,20:47,20:55,SHORT_NO_TRADE_OR_DATA_GAP_CANDIDATE,1
8,22:59,23:07,SHORT_NO_TRADE_OR_DATA_GAP_CANDIDATE,1
8,23:21,23:29,SHORT_NO_TRADE_OR_DATA_GAP_CANDIDATE,1
9,02:01,02:10,SHORT_NO_TRADE_OR_DATA_GAP_CANDIDATE,1
9,02:45,02:54,SHORT_NO_TRADE_OR_DATA_GAP_CANDIDATE,1
9,03:30,03:39,SHORT_NO_TRADE_OR_DATA_GAP_CANDIDATE,1
9,03:54,04:03,SHORT_NO_TRADE_OR_DATA_GAP_CANDIDATE,1
9,04:45,04:54,SHORT_NO_TRADE_OR_DATA_GAP_CANDIDATE,1
9,04:51,05:00,SHORT_NO_TRADE_OR_DATA_GAP_CANDIDATE,1
9,06:26,06:35,SHORT_NO_TRADE_OR_DATA_GAP_CANDIDATE,1
9,07:23,07:32,SHORT_NO_TRADE_OR_DATA_GAP_CANDIDATE,1
9,22:23,22:32,SHORT_NO_TRADE_OR_DATA_GAP_CANDIDATE,1
9,23:18,23:27,SHORT_NO_TRADE_OR_DATA_GAP_CANDIDATE,1
10,01:20,01:30,SHORT_NO_TRADE_OR_DATA_GAP_CANDIDATE,1
10,02:10,02:20,SHORT_NO_TRADE_OR_DATA_GAP_CANDIDATE,1
10,02:30,02:40,SHORT_NO_TRADE_OR_DATA_GAP_CANDIDATE,1
10,03:42,03:52,SHORT_NO_TRADE_OR_DATA_GAP_CANDIDATE,1
10,04:19,04:29,SHORT_NO_TRADE_OR_DATA_GAP_CANDIDATE,1
10,07:35,07:45,SHORT_NO_TRADE_OR_DATA_GAP_CANDIDATE,1
10,19:40,19:50,SHORT_NO_TRADE_OR_DATA_GAP_CANDIDATE,1
10,21:35,21:45,SHORT_NO_TRADE_OR_DATA_GAP_CANDIDATE,1
10,22:37,22:47,SHORT_NO_TRADE_OR_DATA_GAP_CANDIDATE,1
11,06:18,06:29,SHORT_NO_TRADE_OR_DATA_GAP_CANDIDATE,1
11,07:49,08:00,SHORT_NO_TRADE_OR_DATA_GAP_CANDIDATE,1
11,21:16,21:27,SHORT_NO_TRADE_OR_DATA_GAP_CANDIDATE,1
12,01:49,02:01,SHORT_NO_TRADE_OR_DATA_GAP_CANDIDATE,1
12,02:33,02:45,SHORT_NO_TRADE_OR_DATA_GAP_CANDIDATE,1
12,04:47,04:59,SHORT_NO_TRADE_OR_DATA_GAP_CANDIDATE,1
12,05:18,05:30,SHORT_NO_TRADE_OR_DATA_GAP_CANDIDATE,1
12,07:36,07:48,SHORT_NO_TRADE_OR_DATA_GAP_CANDIDATE,1
12,23:44,23:56,SHORT_NO_TRADE_OR_DATA_GAP_CANDIDATE,1
13,06:50,07:03,SHORT_NO_TRADE_OR_DATA_GAP_CANDIDATE,1
13,07:23,07:36,SHORT_NO_TRADE_OR_DATA_GAP_CANDIDATE,1
14,08:00,08:14,SHORT_NO_TRADE_OR_DATA_GAP_CANDIDATE,1
14,08:40,08:54,SHORT_NO_TRADE_OR_DATA_GAP_CANDIDATE,1
14,08:52,09:06,SHORT_NO_TRADE_OR_DATA_GAP_CANDIDATE,1
14,08:54,09:08,SHORT_NO_TRADE_OR_DATA_GAP_CANDIDATE,1
14,09:35,09:49,SHORT_NO_TRADE_OR_DATA_GAP_CANDIDATE,1
14,09:36,09:50,SHORT_NO_TRADE_OR_DATA_GAP_CANDIDATE,1
14,12:57,13:11,SHORT_NO_TRADE_OR_DATA_GAP_CANDIDATE,1
14,22:47,23:01,SHORT_NO_TRADE_OR_DATA_GAP_CANDIDATE,1
15,02:45,03:00,SHORT_NO_TRADE_OR_DATA_GAP_CANDIDATE,1
15,07:46,08:01,SHORT_NO_TRADE_OR_DATA_GAP_CANDIDATE,1
15,09:30,09:45,SHORT_NO_TRADE_OR_DATA_GAP_CANDIDATE,1
16,00:17,00:33,SHORT_NO_TRADE_OR_DATA_GAP_CANDIDATE,1
16,08:04,08:20,SHORT_NO_TRADE_OR_DATA_GAP_CANDIDATE,1
17,23:56,00:13,SHORT_NO_TRADE_OR_DATA_GAP_CANDIDATE,1
18,04:29,04:47,SHORT_NO_TRADE_OR_DATA_GAP_CANDIDATE,1
18,08:18,08:36,SHORT_NO_TRADE_OR_DATA_GAP_CANDIDATE,1
18,08:20,08:38,SHORT_NO_TRADE_OR_DATA_GAP_CANDIDATE,1
18,09:06,09:24,SHORT_NO_TRADE_OR_DATA_GAP_CANDIDATE,1
19,03:30,03:49,SHORT_NO_TRADE_OR_DATA_GAP_CANDIDATE,1
19,08:08,08:27,SHORT_NO_TRADE_OR_DATA_GAP_CANDIDATE,1
20,07:03,07:23,SHORT_NO_TRADE_OR_DATA_GAP_CANDIDATE,1
21,09:09,09:30,SHORT_NO_TRADE_OR_DATA_GAP_CANDIDATE,1
21,21:53,22:14,SHORT_NO_TRADE_OR_DATA_GAP_CANDIDATE,1
22,03:00,03:22,SHORT_NO_TRADE_OR_DATA_GAP_CANDIDATE,1
24,06:56,07:20,SHORT_NO_TRADE_OR_DATA_GAP_CANDIDATE,1
25,03:49,04:14,SHORT_NO_TRADE_OR_DATA_GAP_CANDIDATE,1
25,23:14,23:39,SHORT_NO_TRADE_OR_DATA_GAP_CANDIDATE,1
26,00:33,00:59,SHORT_NO_TRADE_OR_DATA_GAP_CANDIDATE,1
26,05:34,06:00,SHORT_NO_TRADE_OR_DATA_GAP_CANDIDATE,1
26,06:24,06:50,SHORT_NO_TRADE_OR_DATA_GAP_CANDIDATE,1
27,06:29,06:56,SHORT_NO_TRADE_OR_DATA_GAP_CANDIDATE,1
35,02:10,02:45,SHORT_NO_TRADE_OR_DATA_GAP_CANDIDATE,1
43,06:35,07:18,SHORT_NO_TRADE_OR_DATA_GAP_CANDIDATE,1
50,00:59,01:49,SHORT_NO_TRADE_OR_DATA_GAP_CANDIDATE,1
86,04:59,06:25,OTHER_INTRADAY_OR_SPECIAL_CLOSURE_CANDIDATE,1
121,17:59,20:00,OTHER_INTRADAY_OR_SPECIAL_CLOSURE_CANDIDATE,1
511,09:29,18:00,SPECIAL_SESSION_CLOSE_TO_1800_CANDIDATE,1
646,21:44,08:30,OTHER_INTRADAY_OR_SPECIAL_CLOSURE_CANDIDATE,1
4606,13:14,18:00,WEEKEND_OR_MULTIDAY_CLOSURE_CANDIDATE,1
